{
  "__comment": "Instructions: https://mods.blakebr0.com/docs/cucumber/tags-config",
  "forge:ingots/aluminum": "silents_mechanisms:aluminum_ingot",
  "forge:ingots/constantan": "immersiveengineering:ingot_constantan",
  "forge:ingots/tungsten": "bluepower:tungsten_ingot",
  "forge:ingots/mithril": "null",
  "forge:ingots/tin": "silents_mechanisms:tin_ingot",
  "forge:ingots/iridium": "chemlib:ingot_iridium",
  "forge:ingots/zinc": "bluepower:zinc_ingot",
  "forge:ingots/bronze": "mekanism:ingot_bronze",
  "forge:ingots/copper": "mekanism:ingot_copper",
  "forge:ingots/invar": "silents_mechanisms:invar_ingot",
  "forge:ingots/chrome": "null",
  "forge:ingots/electrum": "silents_mechanisms:electrum_ingot",
  "forge:silicon": "refinedstorage:silicon",
  "forge:ingots/brass": "bluepower:brass_ingot",
  "forge:ingots/silver": "silents_mechanisms:silver_ingot",
  "forge:dusts/saltpeter": "immersiveengineering:dust_saltpeter",
  "forge:ingots/steel": "mekanism:ingot_steel",
  "forge:ingots/titanium": "chemlib:ingot_titanium",
  "forge:rubber": "null",
  "forge:ingots/platinum": "silents_mechanisms:platinum_ingot",
  "forge:dusts/sulfur": "mekanism:dust_sulfur",
  "forge:ingots/lead": "silents_mechanisms:lead_ingot",
  "forge:ingots/graphite": "null",
  "forge:ingots/uranium": "silents_mechanisms:uranium_ingot",
  "forge:ingots/nickel": "silents_mechanisms:nickel_ingot"
}