{
  "crops": [
  {
    "initialBlock": {
      "blockName": "minecraft:wheat",
      "meta": 7
    }
  },
  {
    "initialBlock": {
      "blockName": "minecraft:carrots",
      "meta": 7
    }
  },
  {
    "initialBlock": {
      "blockName": "minecraft:potatoes",
      "meta": 7
    }
  },
  {
    "initialBlock": {
      "blockName": "minecraft:beetroots",
      "meta": 3
    }
  },
  {
    "initialBlock": {
      "blockName": "extratrees:hops",
      "meta": 7
    }
  },
  {
    "initialBlock": {
      "blockName": "xlfoodmod:rice_plant",
      "meta": 7
    }
  },
  {
    "initialBlock": {
      "blockName": "xlfoodmod:pepper_plant",
      "meta": 7
    }
  },
  {
    "initialBlock": {
      "blockName": "xlfoodmod:corn_plant",
      "meta": 7
    }
  },
  {
    "initialBlock": {
      "blockName": "xlfoodmod:cucumber_plant",
      "meta": 7
    }
  },
  {
    "initialBlock": {
      "blockName": "xlfoodmod:lettuce_plant",
      "meta": 7
    }
  },
  {
    "initialBlock": {
      "blockName": "xlfoodmod:onion_plant",
      "meta": 7
    }
  },
  {
    "initialBlock": {
      "blockName": "xlfoodmod:tomato_plant",
      "meta": 7
    }
  },
  {
    "initialBlock": {
      "blockName": "xlfoodmod:strawberry_plant",
      "meta": 7
    }
  },
  {
    "initialBlock": {
      "blockName": "actuallyadditions:block_rice",
      "meta": 7
    }
  },
  {
    "initialBlock": {
      "blockName": "actuallyadditions:block_canola",
      "meta": 7
    }
  },
  {
    "initialBlock": {
      "blockName": "actuallyadditions:block_flax",
      "meta": 7
    }
  },
  {
    "initialBlock": {
      "blockName": "actuallyadditions:block_coffee",
      "meta": 7
    }
  },
  {
    "initialBlock": {
      "blockName": "cyclicmagic:sprout",
      "meta": 7
    }
  },
  {
    "initialBlock": {
      "blockName": "cyclicmagic:apple",
      "meta": 7
    }
  },
  {
    "initialBlock": {
      "blockName": "roots:moonglow",
      "meta": 7
    }
  },
  {
    "initialBlock": {
      "blockName": "roots:terra_moss",
      "meta": 7
    }
  },
  {
    "initialBlock": {
      "blockName": "roots:wildroot",
      "meta": 7
    }
  },
  {
    "initialBlock": {
      "blockName": "roots:aubergine",
      "meta": 7
    }
  },
  {
    "initialBlock": {
      "blockName": "roots:pereskia",
      "meta": 7
    }
  },
  {
    "initialBlock": {
      "blockName": "roots:spirit_herb",
      "meta": 7
    }
  }
],
  "exhaustionPerHarvest": 0.005,
  "additionalLogging": false,
  "checkForCrops": false
}