{
    "data": {
        "scanOnly": {
            "comment": "Send only basic information about files instead of full analytics. Only works when 'sendModList' is set to true",
            "value": false
        },
        "sendCrashes": {
            "comment": "If false, skips sending pending crash reports. Please note that pending crashe reports will not be automatically removed.",
            "value": true
        },
        "sendModList": {
            "comment": "If false, skips sending any mod list - ether basic file information or analytics. OpenEye will respond with information about files unknown to server",
            "value": true
        },
        "sentCrashReportsLimitTotal": {
            "comment": "Maximum number of crash reports to sent (including pending) per single run",
            "value": 1000
        },
        "storeCrashReportsLimit": {
            "comment": "Maximum number of crash reports from single category stored per single run",
            "value": 20
        },
        "tags": {
            "value": []
        }
    },
    "debug": {
        "crashOnStartup": {
            "value": false
        },
        "debugSanitizer": {
            "value": false
        },
        "dontSend": {
            "value": false
        },
        "pingOnInitialReport": {
            "value": false
        }
    },
    "features": {
        "reportsBlacklist": {
            "value": []
        },
        "responseBlacklist": {
            "value": []
        }
    },
    "gui": {
        "extraLinePosX": {
            "comment": "X coordinate of notification line",
            "value": 0
        },
        "extraLinePosY": {
            "comment": "Y coordinate of notification line",
            "value": 120
        },
        "isExtraLinePosAbsolute": {
            "comment": "If false, X and Y coordinates of notification line will be measured from screen width/2 and height/4 (standard MC algorithm)",
            "value": false
        },
        "isNotesButtonPosAbsolute": {
            "comment": "If false, X and Y coordinates of notes button will be measured from screen width/2 and height/4 (standard MC algorithm)",
            "value": false
        },
        "mainScreenExtraLine": {
            "comment": "Enables extra line in main menu screen under buttons (if true, only note button will be displayed)",
            "value": true
        },
        "mainScreenNotes": {
            "comment": "Enables OpenEye additions to main menu screen",
            "value": true
        },
        "notesButtonPosX": {
            "comment": "X coordinate of notes button",
            "value": 104
        },
        "notesButtonPosY": {
            "comment": "Y coordinate of notes button",
            "value": 96
        }
    }
}