{"stats":{"minecraft:custom":{"minecraft:time_since_rest":14713,"minecraft:crouch_one_cm":7716,"minecraft:play_one_minute":94451,"minecraft:deaths":1,"minecraft:sprint_one_cm":9870,"minecraft:damage_taken":500,"minecraft:walk_one_cm":77663,"minecraft:sneak_time":6245,"minecraft:jump":401,"minecraft:leave_game":4,"minecraft:time_since_death":14688,"minecraft:climb_one_cm":9199,"minecraft:fall_one_cm":10518,"minecraft:fly_one_cm":283911},"minecraft:picked_up":{"minecraft:cooked_porkchop":63,"minecraft:ladder":1,"minecraft:cyan_terracotta":1,"minecraft:cobblestone":50},"minecraft:used":{"minecraft:sea_lantern":78,"minecraft:stone_bricks":121,"minecraft:glowstone":16,"minecraft:dark_prismarine":8,"minecraft:cyan_terracotta":924,"minecraft:mossy_cobblestone":1,"minecraft:lever":2,"minecraft:iron_bars":44,"minecraft:dirt":1,"minecraft:birch_fence_gate":1,"minecraft:vine":51,"minecraft:dark_prismarine_slab":26,"minecraft:iron_trapdoor":15,"minecraft:tnt":78,"minecraft:light_gray_concrete":91,"minecraft:cooked_porkchop":3,"minecraft:prismarine":1,"minecraft:ladder":27,"minecraft:oak_sign":3,"minecraft:dark_oak_fence_gate":1,"minecraft:cyan_concrete":2,"minecraft:gray_concrete":144,"minecraft:stone":111,"minecraft:stone_brick_wall":48,"minecraft:coarse_dirt":1,"minecraft:end_rod":35,"minecraft:cyan_stained_glass":210,"minecraft:stone_brick_slab":79,"minecraft:polished_andesite_slab":4,"minecraft:lilac":1}},"DataVersion":2230}