{
	"name": "dairy",
	"icon": "minecraft:milk_bucket",
	"color": "a0d4f7",
	"enabled": true,
	"food": {
		"oredict": [
			"foodButter",
			"foodCheese",
			"foodChocolatebar",
			"listAllmilk"
		],
		"items": [
			"actuallyadditions:item_food:0",
			"actuallyadditions:item_food:11",
			"actuallyadditions:item_food:13",
			"actuallyadditions:item_food:14",
			"actuallyadditions:item_food:18",
			"actuallyadditions:item_food:19",
			"actuallyadditions:item_food:8",
			"actuallyadditions:item_food:9",
			"animania:cheese_omelette",
			"animania:super_omelette",
			"betterwithmods:chowder",
			"betterwithmods:cooked_scrambled_egg",
			"betterwithmods:raw_scrambled_egg",
			"foodexpansion:itemblazecream",
			"foodexpansion:itemchocolatebar",
			"grimpack:apple_pie",
			"grimpack:butter",
			"grimpack:cheese",
			"grimpack:cheese_burger",
			"grimpack:chocolate_ball",
			"grimpack:chocolate_cake",
			"grimpack:chocolate_pie",
			"grimpack:dough",
			"grimpack:eggs_cooked",
			"grimpack:eggs_mixed",
			"grimpack:eggs_unmixed",
			"grimpack:hot_cheese",
			"grimpack:melon_pie",
			"grimpack:pork_pie",
			"grimpack:pumpkin_pie",
			"grimpack:raw_apple_pie",
			"grimpack:raw_chocolate_pie",
			"grimpack:raw_empty_pie",
			"grimpack:raw_melon_pie",
			"grimpack:raw_pork_pie",
			"grimpack:raw_pumpkin_pie",
			"harvestcraft:anchovypepperonipizzaitem",
			"harvestcraft:appleyogurtitem",
			"harvestcraft:apricotyogurtitem",
			"harvestcraft:asparagusquicheitem",
			"harvestcraft:asparagussoupitem",
			"harvestcraft:avocadoburritoitem",
			"harvestcraft:baconcheeseburgeritem",
			"harvestcraft:baconmushroomburgeritem",
			"harvestcraft:bakedbeetsitem",
			"harvestcraft:bakedturnipsitem",
			"harvestcraft:baklavaitem",
			"harvestcraft:bananamilkshakeitem",
			"harvestcraft:banananutbreaditem",
			"harvestcraft:bananasplititem",
			"harvestcraft:bananayogurtitem",
			"harvestcraft:bangersandmashitem",
			"harvestcraft:beanburritoitem",
			"harvestcraft:beansontoastitem",
			"harvestcraft:beetsaladitem",
			"harvestcraft:beetsoupitem",
			"harvestcraft:biscuititem",
			"harvestcraft:biscuitsandgravyitem",
			"harvestcraft:blackberryyogurtitem",
			"harvestcraft:blueberrypancakesitem",
			"harvestcraft:blueberryyogurtitem",
			"harvestcraft:braisedonionsitem",
			"harvestcraft:broccolimacitem",
			"harvestcraft:broccolindipitem",
			"harvestcraft:brownieitem",
			"harvestcraft:butteredpotatoitem",
			"harvestcraft:caramelicecreamitem",
			"harvestcraft:carrotsoupitem",
			"harvestcraft:ceasarsaladitem",
			"harvestcraft:chaoscookieitem",
			"harvestcraft:cheeseburgeritem",
			"harvestcraft:cheesecake",
			"harvestcraft:cheesecakeitem",
			"harvestcraft:cheeseontoastitem",
			"harvestcraft:cherrycheesecake",
			"harvestcraft:cherrycheesecakeitem",
			"harvestcraft:cherryicecreamitem",
			"harvestcraft:cherryyogurtitem",
			"harvestcraft:chickencurryitem",
			"harvestcraft:chickenparmasanitem",
			"harvestcraft:chilipoppersitem",
			"harvestcraft:chocolatebaritem",
			"harvestcraft:chocolatecaramelfudgeitem",
			"harvestcraft:chocolateicecreamitem",
			"harvestcraft:chocolatemilkitem",
			"harvestcraft:chocolatemilkshakeitem",
			"harvestcraft:chocolaterollitem",
			"harvestcraft:chocolatesprinklecake",
			"harvestcraft:chocolatesprinklecakeitem",
			"harvestcraft:chocolateyogurtitem",
			"harvestcraft:chocovoxelsitem",
			"harvestcraft:cinnamontoastitem",
			"harvestcraft:coconutyogurtitem",
			"harvestcraft:coffeeconlecheitem",
			"harvestcraft:cornbreaditem",
			"harvestcraft:cornedbeefhashitem",
			"harvestcraft:cornflakesitem",
			"harvestcraft:cornonthecobitem",
			"harvestcraft:crackersitem",
			"harvestcraft:cranberryyogurtitem",
			"harvestcraft:creamcookieitem",
			"harvestcraft:creamedcornitem",
			"harvestcraft:creamofavocadosoupitem",
			"harvestcraft:croissantitem",
			"harvestcraft:cucumbersoupitem",
			"harvestcraft:custarditem",
			"harvestcraft:damperitem",
			"harvestcraft:delightedmealitem",
			"harvestcraft:deluxecheeseburgeritem",
			"harvestcraft:deluxechickencurryitem",
			"harvestcraft:durianmilkshakeitem",
			"harvestcraft:eggnogitem",
			"harvestcraft:eggplantparmitem",
			"harvestcraft:fairybreaditem",
			"harvestcraft:figyogurtitem",
			"harvestcraft:fishtacoitem",
			"harvestcraft:fruitcrumbleitem",
			"harvestcraft:garlicbreaditem",
			"harvestcraft:garlicmashedpotatoesitem",
			"harvestcraft:gingerbreaditem",
			"harvestcraft:glazedcarrotsitem",
			"harvestcraft:gooseberrymilkshakeitem",
			"harvestcraft:gooseberryyogurtitem",
			"harvestcraft:grapefruityogurtitem",
			"harvestcraft:grapeyogurtitem",
			"harvestcraft:grilledcheeseitem",
			"harvestcraft:heartybreakfastitem",
			"harvestcraft:herbbutterparsnipsitem",
			"harvestcraft:homestylelunchitem",
			"harvestcraft:honeybunitem",
			"harvestcraft:honeycombchocolatebaritem",
			"harvestcraft:honeyglazedcarrotsitem",
			"harvestcraft:honeylemonlambitem",
			"harvestcraft:hotchocolateitem",
			"harvestcraft:hotwingsitem",
			"harvestcraft:icecreamitem",
			"harvestcraft:keylimepieitem",
			"harvestcraft:kiwiyogurtitem",
			"harvestcraft:lasagnaitem",
			"harvestcraft:leekbaconsoupitem",
			"harvestcraft:lemonchickenitem",
			"harvestcraft:lemondrizzlecakeitem",
			"harvestcraft:lemonmeringueitem",
			"harvestcraft:lemonyogurtitem",
			"harvestcraft:limeyogurtitem",
			"harvestcraft:loadedbakedpotatoitem",
			"harvestcraft:mangoyogurtitem",
			"harvestcraft:maplesyruppancakesitem",
			"harvestcraft:maplesyrupwafflesitem",
			"harvestcraft:mashedpotatoesitem",
			"harvestcraft:mashedsweetpotatoesitem",
			"harvestcraft:meatfeastpizzaitem",
			"harvestcraft:melonyogurtitem",
			"harvestcraft:mincepieitem",
			"harvestcraft:mintchocolatechipicecreamitem",
			"harvestcraft:mochaicecreamitem",
			"harvestcraft:montecristosandwichitem",
			"harvestcraft:museliitem",
			"harvestcraft:mushroomlasagnaitem",
			"harvestcraft:mushroomrisottoitem",
			"harvestcraft:nachoesitem",
			"harvestcraft:neapolitanicecreamitem",
			"harvestcraft:nutellaitem",
			"harvestcraft:onionsoupitem",
			"harvestcraft:orangeyogurtitem",
			"harvestcraft:pancakesitem",
			"harvestcraft:paneeritem",
			"harvestcraft:paneertikkamasalaitem",
			"harvestcraft:papayayogurtitem",
			"harvestcraft:peachesandcreamoatmealitem",
			"harvestcraft:peachyogurtitem",
			"harvestcraft:pearyogurtitem",
			"harvestcraft:pecanpieitem",
			"harvestcraft:persimmonyogurtitem",
			"harvestcraft:pineappleyogurtitem",
			"harvestcraft:pistachioicecreamitem",
			"harvestcraft:pizzaitem",
			"harvestcraft:pizzasoupitem",
			"harvestcraft:plainyogurtitem",
			"harvestcraft:ploughmanslunchitem",
			"harvestcraft:plumyogurtitem",
			"harvestcraft:pomegranateyogurtitem",
			"harvestcraft:potatoandcheesepirogiitem",
			"harvestcraft:potatoandleeksoupitem",
			"harvestcraft:potatocakesitem",
			"harvestcraft:poutineitem",
			"harvestcraft:pumpkincheesecake",
			"harvestcraft:pumpkincheesecakeitem",
			"harvestcraft:pumpkinoatsconesitem",
			"harvestcraft:pumpkinsoupitem",
			"harvestcraft:pumpkinyogurtitem",
			"harvestcraft:randomtacoitem",
			"harvestcraft:raspberryyogurtitem",
			"harvestcraft:redvelvetcake",
			"harvestcraft:redvelvetcakeitem",
			"harvestcraft:refriedbeansitem",
			"harvestcraft:scallionbakedpotatoitem",
			"harvestcraft:softpretzelandmustarditem",
			"harvestcraft:softpretzelitem",
			"harvestcraft:spicebunitem",
			"harvestcraft:spinachpieitem",
			"harvestcraft:spumoniicecreamitem",
			"harvestcraft:starfruityogurtitem",
			"harvestcraft:strawberryicecreamitem",
			"harvestcraft:strawberrymilkshakeitem",
			"harvestcraft:strawberryyogurtitem",
			"harvestcraft:stuffedeggplantitem",
			"harvestcraft:stuffedmushroomitem",
			"harvestcraft:supremepizzaitem",
			"harvestcraft:sweetpotatosouffleitem",
			"harvestcraft:tacoitem",
			"harvestcraft:timtamitem",
			"harvestcraft:toadintheholeitem",
			"harvestcraft:toastedwesternitem",
			"harvestcraft:tunapotatoitem",
			"harvestcraft:turnipsoupitem",
			"harvestcraft:vanillaicecreamitem",
			"harvestcraft:vanillayogurtitem",
			"harvestcraft:vindalooitem",
			"harvestcraft:wafflesitem",
			"harvestcraft:yorkshirepuddingitem",
			"harvestcraft:zestyzucchiniitem",
			"harvestcraft:zucchinibakeitem",
			"harvestcraft:zucchinifriesitem",
			"minecraft:cake",
			"minecraft:golden_apple:1",
			"minecraft:milk_bucket",
			"primal:cheese_white",
			"realworld:food_fruit_drink_blue",
			"realworld:food_fruit_drink_cyan",
			"realworld:food_fruit_drink_green",
			"realworld:food_fruit_drink_orange",
			"realworld:food_fruit_drink_pink",
			"realworld:food_fruit_drink_purple",
			"realworld:food_fruit_drink_red",
			"realworld:food_fruit_drink_white",
			"realworld:food_fruit_drink_yellow",
			"saltmod:pumpkin_porridge",
			"simplecorn:chickencornchowder",
			"simplecorn:cornchowder",
			"tconstruct:edible:1",
			"tconstruct:edible:2",
			"tconstruct:edible:30",
			"tconstruct:edible:31",
			"tconstruct:edible:32",
			"tconstruct:edible:34",
			"tconstruct:edible:4",
			"vanillafoodpantry:bucket_sweetened_milk",
			"vanillafoodpantry:cheese_ball",
			"vanillafoodpantry:cheese_sandwich",
			"vanillafoodpantry:creamsoup",
			"vanillafoodpantry:creamsoup:928",
			"vanillafoodpantry:creamsoup:929",
			"vanillafoodpantry:creamsoup:973",
			"vanillafoodpantry:creamsoup:984",
			"vanillafoodpantry:creamsoup:987",
			"vanillafoodpantry:creamsoup:990",
			"vanillafoodpantry:creamsoup:993",
			"vanillafoodpantry:creamsoup:995",
			"vanillafoodpantry:creamsoup:997",
			"vanillafoodpantry:dough_ball:5",
			"vanillafoodpantry:fish_chowder",
			"vanillafoodpantry:milk_portion",
			"vanillafoodpantry:milkdrink:0",
			"vanillafoodpantry:milkdrink:1",
			"vanillafoodpantry:milkdrink:310",
			"vanillafoodpantry:milkdrink:334",
			"vanillafoodpantry:milkdrink:335",
			"vanillafoodpantry:milkdrink:336",
			"vanillafoodpantry:milkdrink:379",
			"vanillafoodpantry:milkdrink:382",
			"vanillafoodpantry:milkdrink:393",
			"vanillafoodpantry:milkdrink:397",
			"vanillafoodpantry:milkdrink:398",
			"vanillafoodpantry:milkdrink:399",
			"vanillafoodpantry:muffins:402",
			"vanillafoodpantry:muffins:404",
			"vanillafoodpantry:muffins:406",
			"vanillafoodpantry:pickled_egg",
			"vanillafoodpantry:portion_butter",
			"vanillafoodpantry:sandwich:1",
			"vanillafoodpantry:snowcone:12",
			"vanillafoodpantry:snowcone:42",
			"vanillafoodpantry:snowcone:48",
			"vanillafoodpantry:snowcone:9",
			"vanillafoodpantry:stewed:20",
			"vanillafoodpantry:stewed:21",
			"vanillafoodpantry:tatoes:0",
			"vanillafoodpantry:tatoes:1",
			"vanillafoodpantry:tatoes:10",
			"vanillafoodpantry:tatoes:11",
			"vanillafoodpantry:tatoes:3",
			"vanillafoodpantry:tatoes:4",
			"vanillafoodpantry:tatoes:5",
			"vanillafoodpantry:tatoes:6",
			"vanillafoodpantry:tatoes:7",
			"vanillafoodpantry:tatoes:8",
			"vanillafoodpantry:tatoes:9",
			"vanillafoodpantry:teadrink:201",
			"vanillafoodpantry:teadrink:202"
		]
	}
}
