{
	"name": "fruit",
	"icon": "minecraft:apple",
	"color": "cd73f4",
	"enabled": true,
	"food": {
		"oredict": [
			"cropAvocado",
			"cropCandle",
			"cropCherry",
			"cropCoconut",
			"cropDate",
			"cropDeathFruit",
			"cropDurian",
			"cropLemon",
			"cropLifeFruit",
			"cropOlive",
			"cropPapaya",
			"cropPlum",
			"foodApplesauce",
			"foodFruitsalad",
			"foodGrapejuice",
			"foodRaisins",
			"foodToastedcoconut",
			"foodVinegar",
			"listAllberry",
			"listAllfruit",
			"listAllsmoothie"
		],
		"items": [
			"actuallyadditions:item_food:1",
			"actuallyadditions:item_jam:0",
			"actuallyadditions:item_jam:1",
			"actuallyadditions:item_jam:2",
			"actuallyadditions:item_jam:3",
			"actuallyadditions:item_jam:4",
			"actuallyadditions:item_jam:5",
			"actuallyadditions:item_jam:6",
			"betterwithaddons:food_mulberry",
			"betterwithaddons:food_pie_melon",
			"betterwithmods:apple_pie",
			"biomesoplenty:ambrosia",
			"biomesoplenty:berries",
			"extrautils2:magicapple",
			"foodexpansion:itemcactusfruit",
			"foodexpansion:itemmelonsalad",
			"grimpack:apple_pie",
			"grimpack:dragon_fruit",
			"grimpack:melon_pie",
			"grimpack:pumpkin_pie",
			"grimpack:pumpkin_slice",
			"grimpack:raw_melon_pie",
			"grimpack:raw_pumpkin_pie",
			"harvestcraft:applecideritem",
			"harvestcraft:applefritteritem",
			"harvestcraft:applejellyitem",
			"harvestcraft:applejellysandwichitem",
			"harvestcraft:applejuiceitem",
			"harvestcraft:applepieitem",
			"harvestcraft:applesauceitem",
			"harvestcraft:applesmoothieitem",
			"harvestcraft:appleyogurtitem",
			"harvestcraft:apricotglazedporkitem",
			"harvestcraft:apricotjellyitem",
			"harvestcraft:apricotjellysandwichitem",
			"harvestcraft:apricotjuiceitem",
			"harvestcraft:apricotsmoothieitem",
			"harvestcraft:apricotyogurtitem",
			"harvestcraft:avocadoburritoitem",
			"harvestcraft:baconwrappeddatesitem",
			"harvestcraft:bakedhamitem",
			"harvestcraft:bananamilkshakeitem",
			"harvestcraft:banananutbreaditem",
			"harvestcraft:bananasmoothieitem",
			"harvestcraft:bananasplititem",
			"harvestcraft:bananayogurtitem",
			"harvestcraft:beetburgeritem",
			"harvestcraft:beetsaladitem",
			"harvestcraft:blackberrycobbleritem",
			"harvestcraft:blackberryjellyitem",
			"harvestcraft:blackberryjellysandwichitem",
			"harvestcraft:blackberryjuiceitem",
			"harvestcraft:blackberrysmoothieitem",
			"harvestcraft:blackberryyogurtitem",
			"harvestcraft:blueberryjellyitem",
			"harvestcraft:blueberryjellysandwichitem",
			"harvestcraft:blueberryjuiceitem",
			"harvestcraft:blueberrymuffinitem",
			"harvestcraft:blueberrypancakesitem",
			"harvestcraft:blueberrypieitem",
			"harvestcraft:blueberrysmoothieitem",
			"harvestcraft:blueberryyogurtitem",
			"harvestcraft:cactusfruitjuiceitem",
			"harvestcraft:californiarollitem",
			"harvestcraft:candiedlemonitem",
			"harvestcraft:caramelappleitem",
			"harvestcraft:charsiuitem",
			"harvestcraft:cherrycheesecake",
			"harvestcraft:cherrycheesecakeitem",
			"harvestcraft:cherrycoconutchocolatebaritem",
			"harvestcraft:cherryicecreamitem",
			"harvestcraft:cherryjellyitem",
			"harvestcraft:cherryjellysandwichitem",
			"harvestcraft:cherryjuiceitem",
			"harvestcraft:cherrypieitem",
			"harvestcraft:cherrysmoothieitem",
			"harvestcraft:cherrysodaitem",
			"harvestcraft:cherryyogurtitem",
			"harvestcraft:chickencurryitem",
			"harvestcraft:chocolatecherryitem",
			"harvestcraft:chocolatestrawberryitem",
			"harvestcraft:cinnamonappleoatmealitem",
			"harvestcraft:citrussaladitem",
			"harvestcraft:coconutcreamitem",
			"harvestcraft:coconutmilkitem",
			"harvestcraft:coconutshrimpitem",
			"harvestcraft:coconutsmoothieitem",
			"harvestcraft:coconutyogurtitem",
			"harvestcraft:cookedtofishitem",
			"harvestcraft:cranberrybaritem",
			"harvestcraft:cranberryjellyitem",
			"harvestcraft:cranberryjellysandwichitem",
			"harvestcraft:cranberryjuiceitem",
			"harvestcraft:cranberrysauceitem",
			"harvestcraft:cranberrysmoothieitem",
			"harvestcraft:cranberryyogurtitem",
			"harvestcraft:creamofavocadosoupitem",
			"harvestcraft:curryitem",
			"harvestcraft:datenutbreaditem",
			"harvestcraft:delightedmealitem",
			"harvestcraft:deluxechickencurryitem",
			"harvestcraft:durianmilkshakeitem",
			"harvestcraft:durianmuffinitem",
			"harvestcraft:figbaritem",
			"harvestcraft:figjellyitem",
			"harvestcraft:figjellysandwichitem",
			"harvestcraft:figjuiceitem",
			"harvestcraft:figsmoothieitem",
			"harvestcraft:figyogurtitem",
			"harvestcraft:fishdinneritem",
			"harvestcraft:fruitcrumbleitem",
			"harvestcraft:fruitpunchitem",
			"harvestcraft:fruitsaladitem",
			"harvestcraft:gherkinitem",
			"harvestcraft:gooseberryjellyitem",
			"harvestcraft:gooseberryjellysandwichitem",
			"harvestcraft:gooseberrymilkshakeitem",
			"harvestcraft:gooseberrypieitem",
			"harvestcraft:gooseberryyogurtitem",
			"harvestcraft:grapefruitjellyitem",
			"harvestcraft:grapefruitjellysandwichitem",
			"harvestcraft:grapefruitjuiceitem",
			"harvestcraft:grapefruitsmoothieitem",
			"harvestcraft:grapefruitsodaitem",
			"harvestcraft:grapefruityogurtitem",
			"harvestcraft:grapejellyitem",
			"harvestcraft:grapejuiceitem",
			"harvestcraft:grapesaladitem",
			"harvestcraft:grapesmoothieitem",
			"harvestcraft:grapesodaitem",
			"harvestcraft:grapeyogurtitem",
			"harvestcraft:guacamoleitem",
			"harvestcraft:holidaycake",
			"harvestcraft:holidaycakeitem",
			"harvestcraft:honeyglazedcarrotsitem",
			"harvestcraft:honeylemonlambitem",
			"harvestcraft:hummusitem",
			"harvestcraft:jaffaitem",
			"harvestcraft:jamrollitem",
			"harvestcraft:jellydonutitem",
			"harvestcraft:keylimepieitem",
			"harvestcraft:kiwijellyitem",
			"harvestcraft:kiwijellysandwichitem",
			"harvestcraft:kiwijuiceitem",
			"harvestcraft:kiwiyogurtitem",
			"harvestcraft:kungpaochickenitem",
			"harvestcraft:lemonaideitem",
			"harvestcraft:lemonbaritem",
			"harvestcraft:lemonchickenitem",
			"harvestcraft:lemondrizzlecakeitem",
			"harvestcraft:lemonjellyitem",
			"harvestcraft:lemonjellysandwichitem",
			"harvestcraft:lemonlimesodaitem",
			"harvestcraft:lemonmeringueitem",
			"harvestcraft:lemonyogurtitem",
			"harvestcraft:limejellyitem",
			"harvestcraft:limejellysandwichitem",
			"harvestcraft:limejuiceitem",
			"harvestcraft:limeyogurtitem",
			"harvestcraft:mangochutneyitem",
			"harvestcraft:mangojellyitem",
			"harvestcraft:mangojellysandwichitem",
			"harvestcraft:mangojuiceitem",
			"harvestcraft:mangoyogurtitem",
			"harvestcraft:melonjuiceitem",
			"harvestcraft:melonyogurtitem",
			"harvestcraft:mincepieitem",
			"harvestcraft:museliitem",
			"harvestcraft:neapolitanicecreamitem",
			"harvestcraft:orangechickenitem",
			"harvestcraft:orangejellyitem",
			"harvestcraft:orangejellysandwichitem",
			"harvestcraft:orangejuiceitem",
			"harvestcraft:orangesodaitem",
			"harvestcraft:orangeyogurtitem",
			"harvestcraft:ovenroastedcaulifloweritem",
			"harvestcraft:paneeritem",
			"harvestcraft:paneertikkamasalaitem",
			"harvestcraft:papayajellyitem",
			"harvestcraft:papayajellysandwichitem",
			"harvestcraft:papayajuiceitem",
			"harvestcraft:papayayogurtitem",
			"harvestcraft:pbandjitem",
			"harvestcraft:peachcobbleritem",
			"harvestcraft:peachesandcreamoatmealitem",
			"harvestcraft:peachjellyitem",
			"harvestcraft:peachjellysandwichitem",
			"harvestcraft:peachjuiceitem",
			"harvestcraft:peachyogurtitem",
			"harvestcraft:pearjellyitem",
			"harvestcraft:pearjellysandwichitem",
			"harvestcraft:pearjuiceitem",
			"harvestcraft:pearsmoothieitem",
			"harvestcraft:pearyogurtitem",
			"harvestcraft:peasandceleryitem",
			"harvestcraft:persimmonjellyitem",
			"harvestcraft:persimmonjellysandwichitem",
			"harvestcraft:persimmonjuiceitem",
			"harvestcraft:persimmonsmoothieitem",
			"harvestcraft:persimmonyogurtitem",
			"harvestcraft:pinacoladaitem",
			"harvestcraft:pineapplehamitem",
			"harvestcraft:pineappleupsidedowncake",
			"harvestcraft:pineappleupsidedowncakeitem",
			"harvestcraft:pineappleyogurtitem",
			"harvestcraft:ploughmanslunchitem",
			"harvestcraft:plumjellyitem",
			"harvestcraft:plumjellysandwichitem",
			"harvestcraft:plumjuiceitem",
			"harvestcraft:plumsmoothieitem",
			"harvestcraft:plumyogurtitem",
			"harvestcraft:poachedpearitem",
			"harvestcraft:pomegranatejellyitem",
			"harvestcraft:pomegranatejellysandwichitem",
			"harvestcraft:pomegranatejuiceitem",
			"harvestcraft:pomegranateyogurtitem",
			"harvestcraft:pumpkinbreaditem",
			"harvestcraft:pumpkincheesecake",
			"harvestcraft:pumpkincheesecakeitem",
			"harvestcraft:pumpkinmuffinitem",
			"harvestcraft:pumpkinoatsconesitem",
			"harvestcraft:pumpkinsoupitem",
			"harvestcraft:pumpkinyogurtitem",
			"harvestcraft:raisincookiesitem",
			"harvestcraft:randomtacoitem",
			"harvestcraft:raspberryicedteaitem",
			"harvestcraft:raspberryjellyitem",
			"harvestcraft:raspberryjellysandwichitem",
			"harvestcraft:raspberryjuiceitem",
			"harvestcraft:raspberrypieitem",
			"harvestcraft:raspberrytrifleitem",
			"harvestcraft:raspberryyogurtitem",
			"harvestcraft:rawtofishitem",
			"harvestcraft:salsaitem",
			"harvestcraft:spicebunitem",
			"harvestcraft:spumoniicecreamitem",
			"harvestcraft:starfruitjellyitem",
			"harvestcraft:starfruitjellysandwichitem",
			"harvestcraft:starfruitjuiceitem",
			"harvestcraft:starfruityogurtitem",
			"harvestcraft:strawberryicecreamitem",
			"harvestcraft:strawberryjellyitem",
			"harvestcraft:strawberryjellysandwichitem",
			"harvestcraft:strawberryjuiceitem",
			"harvestcraft:strawberrymilkshakeitem",
			"harvestcraft:strawberrypieitem",
			"harvestcraft:strawberrysaladitem",
			"harvestcraft:strawberrysodaitem",
			"harvestcraft:strawberryyogurtitem",
			"harvestcraft:summersquashwithradishitem",
			"harvestcraft:sweetandsourchickenitem",
			"harvestcraft:sweetteaitem",
			"harvestcraft:trailmixitem",
			"harvestcraft:turkishdelightitem",
			"harvestcraft:turnipsoupitem",
			"harvestcraft:walnutraisinbreaditem",
			"harvestcraft:watermelonjellyitem",
			"harvestcraft:watermelonjellysandwichitem",
			"minecraft:apple",
			"minecraft:chorus_fruit",
			"minecraft:golden_apple:0",
			"minecraft:golden_apple:1",
			"minecraft:melon",
			"minecraft:pumpkin_pie",
			"natura:edibles:10",
			"natura:edibles:2",
			"natura:edibles:3",
			"natura:edibles:4",
			"natura:edibles:5",
			"natura:edibles:6",
			"natura:edibles:7",
			"natura:edibles:8",
			"natura:edibles:9",
			"natura:saguaro_fruit_item",
			"natura:soups:9",
			"plants2:blackberry",
			"plants2:blueberry",
			"plants2:fire_fruit",
			"plants2:huckleberry",
			"plants2:pineapple",
			"plants2:raspberry",
			"plants:actaea_p",
			"plants:akebia_q",
			"plants:alyxia_b",
			"plants:ampelopsis_a",
			"plants:phytolacca_a",
			"plants:pineapple",
			"plants:rubus_o",
			"plants:solanum_c",
			"plants:solanum_d",
			"plants:solanum_n",
			"primal:valus_melon",
			"realworld:food_acaiberry",
			"realworld:food_apple_green",
			"realworld:food_apple_yellow",
			"realworld:food_apricot",
			"realworld:food_banana",
			"realworld:food_beautyberry",
			"realworld:food_blackberry",
			"realworld:food_blueberry",
			"realworld:food_elderberry",
			"realworld:food_fruit_bowl",
			"realworld:food_fruit_drink_blue",
			"realworld:food_fruit_drink_cyan",
			"realworld:food_fruit_drink_green",
			"realworld:food_fruit_drink_orange",
			"realworld:food_fruit_drink_pink",
			"realworld:food_fruit_drink_purple",
			"realworld:food_fruit_drink_red",
			"realworld:food_fruit_drink_white",
			"realworld:food_fruit_drink_yellow",
			"realworld:food_gooseberry",
			"realworld:food_grapefruit",
			"realworld:food_grapes_purple",
			"realworld:food_huckleberry",
			"realworld:food_kiwi",
			"realworld:food_lime",
			"realworld:food_mango",
			"realworld:food_mulberry",
			"realworld:food_orange",
			"realworld:food_orangeberry",
			"realworld:food_peach",
			"realworld:food_pear",
			"realworld:food_pineapple",
			"realworld:food_porcelainberry",
			"realworld:food_prickly_pear_fruit",
			"realworld:food_sandwich_pbj",
			"realworld:food_snowberry",
			"realworld:food_strawberry",
			"realworld:food_tangerine",
			"rustic:grapes",
			"rustic:wildberries",
			"saltmod:apple_pie",
			"saltmod:fruit_salad",
			"vanillafoodpantry:breads:407",
			"vanillafoodpantry:breads:409",
			"vanillafoodpantry:cookie:798",
			"vanillafoodpantry:creamsoup:997",
			"vanillafoodpantry:juice:201",
			"vanillafoodpantry:juice:203",
			"vanillafoodpantry:juice:212",
			"vanillafoodpantry:juice:213",
			"vanillafoodpantry:juice:215",
			"vanillafoodpantry:kebab:8",
			"vanillafoodpantry:kebab:9",
			"vanillafoodpantry:pumpkin_portion",
			"vanillafoodpantry:roasted_pumpkin_portion",
			"vanillafoodpantry:snowcone:3",
			"vanillafoodpantry:snowcone:36",
			"vanillafoodpantry:snowcone:40",
			"vanillafoodpantry:snowcone:42",
			"vanillafoodpantry:snowcone:45",
			"vanillafoodpantry:snowcone:6",
			"vanillafoodpantry:snowcone:7",
			"vanillafoodpantry:snowcone:9",
			"vanillafoodpantry:stewed:0",
			"vanillafoodpantry:stewed:1"
		]
	}
}
