{
	"name": "grain",
	"icon": "minecraft:wheat",
	"color": "f4d92e",
	"enabled": true,
	"food": {
		"oredict": [
			"bread",
			"cropCinnamon",
			"cropCoffee",
			"cropCotton",
			"cropCurryleaf",
			"cropMustard",
			"cropNutmeg",
			"cropRice",
			"cropSesame",
			"foodBowlofrice",
			"foodBread",
			"foodCoffee",
			"foodDatenutbread",
			"foodDonut",
			"foodDough",
			"foodGarlicbread",
			"foodGingerbread",
			"foodLavendershortbread",
			"foodPumpkinbread",
			"foodRicecake",
			"foodSausageinbread",
			"foodToast",
			"foodTortilla",
			"foodWalnutraisinbread",
			"foodZucchinibread",
			"listAllgrain"
		],
		"items": [
			"actuallyadditions:item_canola_seed",
			"actuallyadditions:item_coffee",
			"actuallyadditions:item_food:10",
			"actuallyadditions:item_food:11",
			"actuallyadditions:item_food:12",
			"actuallyadditions:item_food:13",
			"actuallyadditions:item_food:14",
			"actuallyadditions:item_food:15",
			"actuallyadditions:item_food:17",
			"actuallyadditions:item_food:18",
			"actuallyadditions:item_food:19",
			"actuallyadditions:item_food:6",
			"actuallyadditions:item_food:7",
			"actuallyadditions:item_food:8",
			"actuallyadditions:item_food:9",
			"actuallyadditions:item_jam:3",
			"betterwithaddons:food_bowl_rice",
			"betterwithaddons:food_cooked_rice",
			"betterwithmods:apple_pie",
			"betterwithmods:donut",
			"betterwithmods:hearty_stew",
			"betterwithmods:tasty_sandwich",
			"foodexpansion:itembeetrootnoodles",
			"foodexpansion:itemcarrotpie",
			"forestry:honeyed_slice",
			"grimpack:apple_pie",
			"grimpack:bread_slice",
			"grimpack:cheese_burger",
			"grimpack:chocolate_cake",
			"grimpack:chocolate_pie",
			"grimpack:dough",
			"grimpack:hot_cheese",
			"grimpack:melon_pie",
			"grimpack:pork_pie",
			"grimpack:pumpkin_pie",
			"grimpack:raw_apple_pie",
			"grimpack:raw_chocolate_pie",
			"grimpack:raw_empty_pie",
			"grimpack:raw_melon_pie",
			"grimpack:raw_pork_pie",
			"grimpack:raw_pumpkin_pie",
			"harvestcraft:anchovypepperonipizzaitem",
			"harvestcraft:applefritteritem",
			"harvestcraft:applejellysandwichitem",
			"harvestcraft:applepieitem",
			"harvestcraft:apricotjellysandwichitem",
			"harvestcraft:avocadoburritoitem",
			"harvestcraft:baconcheeseburgeritem",
			"harvestcraft:baconmushroomburgeritem",
			"harvestcraft:baklavaitem",
			"harvestcraft:bamboosteamedriceitem",
			"harvestcraft:banananutbreaditem",
			"harvestcraft:batteredsausageitem",
			"harvestcraft:bbqpulledporkitem",
			"harvestcraft:beanburritoitem",
			"harvestcraft:beansandriceitem",
			"harvestcraft:beansontoastitem",
			"harvestcraft:beefwellingtonitem",
			"harvestcraft:beetburgeritem",
			"harvestcraft:biscuititem",
			"harvestcraft:biscuitsandgravyitem",
			"harvestcraft:blackberrycobbleritem",
			"harvestcraft:blackberryjellysandwichitem",
			"harvestcraft:bltitem",
			"harvestcraft:blueberryjellysandwichitem",
			"harvestcraft:blueberrymuffinitem",
			"harvestcraft:blueberrypancakesitem",
			"harvestcraft:blueberrypieitem",
			"harvestcraft:breadedporkchopitem",
			"harvestcraft:broccolimacitem",
			"harvestcraft:brownieitem",
			"harvestcraft:californiarollitem",
			"harvestcraft:candiedsweetpotatoesitem",
			"harvestcraft:candiedwalnutsitem",
			"harvestcraft:carrotcakeitem",
			"harvestcraft:cashewchickenitem",
			"harvestcraft:ceasarsaladitem",
			"harvestcraft:chaoscookieitem",
			"harvestcraft:charsiuitem",
			"harvestcraft:cheeseburgeritem",
			"harvestcraft:cheeseontoastitem",
			"harvestcraft:cherryjellysandwichitem",
			"harvestcraft:cherrypieitem",
			"harvestcraft:chickenchowmeinitem",
			"harvestcraft:chickencurryitem",
			"harvestcraft:chickennoodlesoupitem",
			"harvestcraft:chickenpotpieitem",
			"harvestcraft:chickensandwichitem",
			"harvestcraft:chikorollitem",
			"harvestcraft:chilipoppersitem",
			"harvestcraft:chocolatedonutitem",
			"harvestcraft:chocolatesprinklecake",
			"harvestcraft:chocolatesprinklecakeitem",
			"harvestcraft:chocovoxelsitem",
			"harvestcraft:cinnamonappleoatmealitem",
			"harvestcraft:cinnamonrollitem",
			"harvestcraft:cinnamonsugardonutitem",
			"harvestcraft:cinnamontoastitem",
			"harvestcraft:coconutshrimpitem",
			"harvestcraft:coffeeconlecheitem",
			"harvestcraft:coleslawburgeritem",
			"harvestcraft:cookedtofabbititem",
			"harvestcraft:cookedtofaconitem",
			"harvestcraft:cookedtofenisonitem",
			"harvestcraft:cookedtofickenitem",
			"harvestcraft:cookedtofurkeyitem",
			"harvestcraft:cookedtofuttonitem",
			"harvestcraft:cornbreaditem",
			"harvestcraft:cornedbeefhashitem",
			"harvestcraft:cornedbeefhashitem",
			"harvestcraft:cornedbeefitem",
			"harvestcraft:cornedbeefitem",
			"harvestcraft:cornflakesitem",
			"harvestcraft:cornishpastyitem",
			"harvestcraft:cornonthecobitem",
			"harvestcraft:cottagepieitem",
			"harvestcraft:crackeritem",
			"harvestcraft:crackersitem",
			"harvestcraft:cranberrybaritem",
			"harvestcraft:creamcookieitem",
			"harvestcraft:creamedbroccolisoupitem",
			"harvestcraft:creepercookieitem",
			"harvestcraft:croissantitem",
			"harvestcraft:curryitem",
			"harvestcraft:custarditem",
			"harvestcraft:damperitem",
			"harvestcraft:datenutbreaditem",
			"harvestcraft:delightedmealitem",
			"harvestcraft:deluxecheeseburgeritem",
			"harvestcraft:deluxechickencurryitem",
			"harvestcraft:dhalitem",
			"harvestcraft:dimsumitem",
			"harvestcraft:durianmuffinitem",
			"harvestcraft:eggnogitem",
			"harvestcraft:eggplantparmitem",
			"harvestcraft:espressoitem",
			"harvestcraft:fairybreaditem",
			"harvestcraft:figbaritem",
			"harvestcraft:figjellysandwichitem",
			"harvestcraft:fishandchipsitem",
			"harvestcraft:fishdinneritem",
			"harvestcraft:fishsandwichitem",
			"harvestcraft:fishsticksitem",
			"harvestcraft:fishtacoitem",
			"harvestcraft:footlongitem",
			"harvestcraft:frenchtoastitem",
			"harvestcraft:friedchickenitem",
			"harvestcraft:friedriceitem",
			"harvestcraft:frosteddonutitem",
			"harvestcraft:fruitcrumbleitem",
			"harvestcraft:garlicbreaditem",
			"harvestcraft:generaltsochickenitem",
			"harvestcraft:gingerbreaditem",
			"harvestcraft:gingeredrhubarbtartitem",
			"harvestcraft:gingersnapsitem",
			"harvestcraft:gooseberryjellysandwichitem",
			"harvestcraft:gooseberrypieitem",
			"harvestcraft:grapefruitjellysandwichitem",
			"harvestcraft:gravyitem",
			"harvestcraft:grilledcheeseitem",
			"harvestcraft:hamburgeritem",
			"harvestcraft:hamsweetpicklesandwichitem",
			"harvestcraft:heartybreakfastitem",
			"harvestcraft:homestylelunchitem",
			"harvestcraft:honeybreaditem",
			"harvestcraft:honeybunitem",
			"harvestcraft:honeysandwichitem",
			"harvestcraft:hotandsoursoupitem",
			"harvestcraft:hotdogitem",
			"harvestcraft:jaffaitem",
			"harvestcraft:jamrollitem",
			"harvestcraft:jellydonutitem",
			"harvestcraft:keylimepieitem",
			"harvestcraft:kimchiitem",
			"harvestcraft:kiwijellysandwichitem",
			"harvestcraft:lambbarleysoupitem",
			"harvestcraft:lasagnaitem",
			"harvestcraft:lavendershortbreaditem",
			"harvestcraft:leafychickensandwichitem",
			"harvestcraft:leafyfishsandwichitem",
			"harvestcraft:lemonbaritem",
			"harvestcraft:lemondrizzlecakeitem",
			"harvestcraft:lemonjellysandwichitem",
			"harvestcraft:lemonmeringueitem",
			"harvestcraft:limejellysandwichitem",
			"harvestcraft:mangochutneyitem",
			"harvestcraft:mangojellysandwichitem",
			"harvestcraft:manjuuitem",
			"harvestcraft:mapleoatmealitem",
			"harvestcraft:maplesyruppancakesitem",
			"harvestcraft:maplesyrupwafflesitem",
			"harvestcraft:mcpamitem",
			"harvestcraft:meatfeastpizzaitem",
			"harvestcraft:meatloafitem",
			"harvestcraft:meatpieitem",
			"harvestcraft:meatystewitem",
			"harvestcraft:mincepieitem",
			"harvestcraft:mochaicecreamitem",
			"harvestcraft:mochiitem",
			"harvestcraft:montecristosandwichitem",
			"harvestcraft:museliitem",
			"harvestcraft:mushroomlasagnaitem",
			"harvestcraft:mushroomrisottoitem",
			"harvestcraft:naanitem",
			"harvestcraft:nachoesitem",
			"harvestcraft:okracreoleitem",
			"harvestcraft:oldworldveggiesoupitem",
			"harvestcraft:onionhamburgeritem",
			"harvestcraft:onionsoupitem",
			"harvestcraft:orangechickenitem",
			"harvestcraft:orangejellysandwichitem",
			"harvestcraft:pancakesitem",
			"harvestcraft:papayajellysandwichitem",
			"harvestcraft:patreonpieitem",
			"harvestcraft:pbandjitem",
			"harvestcraft:peachcobbleritem",
			"harvestcraft:peachesandcreamoatmealitem",
			"harvestcraft:peachjellysandwichitem",
			"harvestcraft:peanutbuttercookiesitem",
			"harvestcraft:pearjellysandwichitem",
			"harvestcraft:pecanpieitem",
			"harvestcraft:pepperoniitem",
			"harvestcraft:persimmonjellysandwichitem",
			"harvestcraft:pineappleupsidedowncake",
			"harvestcraft:pineappleupsidedowncakeitem",
			"harvestcraft:pizzaitem",
			"harvestcraft:ploughmanslunchitem",
			"harvestcraft:plumjellysandwichitem",
			"harvestcraft:pomegranatejellysandwichitem",
			"harvestcraft:porklomeinitem",
			"harvestcraft:potatoandcheesepirogiitem",
			"harvestcraft:poutineitem",
			"harvestcraft:powdereddonutitem",
			"harvestcraft:pumpkinbreaditem",
			"harvestcraft:pumpkinmuffinitem",
			"harvestcraft:pumpkinoatsconesitem",
			"harvestcraft:rainbowcurryitem",
			"harvestcraft:raisincookiesitem",
			"harvestcraft:randomtacoitem",
			"harvestcraft:raspberryjellysandwichitem",
			"harvestcraft:raspberrypieitem",
			"harvestcraft:raspberrytrifleitem",
			"harvestcraft:rawtofabbititem",
			"harvestcraft:rawtofaconitem",
			"harvestcraft:rawtofenisonitem",
			"harvestcraft:rawtofickenitem",
			"harvestcraft:rawtofurkeyitem",
			"harvestcraft:rawtofuttonitem",
			"harvestcraft:ricesoupitem",
			"harvestcraft:roastedpumpkinseedsitem",
			"harvestcraft:salmonpattiesitem",
			"harvestcraft:saltedsunflowerseedsitem",
			"harvestcraft:sausageinbreaditem",
			"harvestcraft:sausagerollitem",
			"harvestcraft:sesameballitem",
			"harvestcraft:sesamesnapsitem",
			"harvestcraft:softpretzelandmustarditem",
			"harvestcraft:softpretzelitem",
			"harvestcraft:spagettiandmeatballsitem",
			"harvestcraft:spagettiitem",
			"harvestcraft:spicebunitem",
			"harvestcraft:spinachpieitem",
			"harvestcraft:starfruitjellysandwichitem",
			"harvestcraft:strawberryjellysandwichitem",
			"harvestcraft:strawberrypieitem",
			"harvestcraft:stuffedmushroomitem",
			"harvestcraft:supremepizzaitem",
			"harvestcraft:sushiitem",
			"harvestcraft:sweetandsourchickenitem",
			"harvestcraft:sweetpotatopieitem",
			"harvestcraft:sweetpotatosouffleitem",
			"harvestcraft:tacoitem",
			"harvestcraft:teriyakichickenitem",
			"harvestcraft:timtamitem",
			"harvestcraft:toadintheholeitem",
			"harvestcraft:toastedwesternitem",
			"harvestcraft:toastsandwichitem",
			"harvestcraft:vegemiteitem",
			"harvestcraft:vegemiteontoastitem",
			"harvestcraft:veggiestirfryitem",
			"harvestcraft:vindalooitem",
			"harvestcraft:wafflesitem",
			"harvestcraft:walnutraisinbreaditem",
			"harvestcraft:watermelonjellysandwichitem",
			"harvestcraft:yorkshirepuddingitem",
			"harvestcraft:zeppoleitem",
			"harvestcraft:zestyzucchiniitem",
			"harvestcraft:zucchinibakeitem",
			"harvestcraft:zucchinibreaditem",
			"harvestcraft:zucchinifriesitem",
			"minecraft:bread",
			"minecraft:cake",
			"minecraft:cookie",
			"minecraft:golden_apple:1",
			"plants:ambrosia_a",
			"plants:apocynum_c",
			"primal:corn_bread",
			"primal:corn_cob",
			"primal:corn_ground",
			"primal:corn_seeds",
			"primal:corypha_seed",
			"primal:daucus_murn_seeds",
			"primal:dry_grass_root",
			"primal:dry_grass_seed",
			"primal:nether_seed",
			"primal:rush_seeds",
			"primal:valus_bread",
			"primal:valus_seed",
			"primal:void_seed",
			"primal:wheat_ground",
			"realworld:food_cooked_rice",
			"realworld:food_cookie_peanut_butter",
			"realworld:food_corn",
			"realworld:food_corn_bread",
			"realworld:food_corn_flour",
			"realworld:food_corn_tortilla",
			"realworld:food_corn_tortilla_fish",
			"realworld:food_corn_tortilla_meat",
			"realworld:food_corn_tortilla_rice",
			"realworld:food_quinoa_cereal",
			"realworld:food_quinoa_seeds",
			"realworld:food_rice_wild",
			"realworld:food_sandwich_fish",
			"realworld:food_sandwich_meat",
			"realworld:food_sandwich_pbj",
			"realworld:food_stir_fry",
			"realworld:food_wrap_corn",
			"realworld:food_wrap_corn_fish",
			"realworld:food_wrap_corn_meat",
			"realworld:food_wrap_corn_rice",
			"saltmod:fish_pie",
			"saltmod:fish_salmon_pie",
			"saltmod:muffin",
			"saltmod:salt_bread",
			"saltmod:salt_wheat_sprouts",
			"saltmod:saltwort_pie",
			"saltmod:wheat_sprouts",
			"simplecorn:chickencornchowder",
			"simplecorn:cornchowder",
			"simplecorn:corncob",
			"simplecorn:poppedcorn",
			"simplecorn:roastedcorn",
			"vanillafoodpantry:acornmeal_portion",
			"vanillafoodpantry:bat_burger",
			"vanillafoodpantry:bat_cheeseburger",
			"vanillafoodpantry:bread_pocket:0",
			"vanillafoodpantry:bread_pocket:1",
			"vanillafoodpantry:bread_pocket:2",
			"vanillafoodpantry:bread_pocket:3",
			"vanillafoodpantry:bread_pocket:4",
			"vanillafoodpantry:breads",
			"vanillafoodpantry:cheese_sandwich",
			"vanillafoodpantry:cookie:601",
			"vanillafoodpantry:cookie:602",
			"vanillafoodpantry:cookie:793",
			"vanillafoodpantry:cookie:798",
			"vanillafoodpantry:cookie:799",
			"vanillafoodpantry:dough_ball:1",
			"vanillafoodpantry:dough_ball:3",
			"vanillafoodpantry:dough_ball:5",
			"vanillafoodpantry:dough_ball:7",
			"vanillafoodpantry:dough_ball:9",
			"vanillafoodpantry:flat_bread_pocket",
			"vanillafoodpantry:fried_egg_sandwich",
			"vanillafoodpantry:ham_egg_sandwich",
			"vanillafoodpantry:muffins:402",
			"vanillafoodpantry:muffins:404",
			"vanillafoodpantry:muffins:406",
			"vanillafoodpantry:portion_bread",
			"vanillafoodpantry:roasted_seeds:0",
			"vanillafoodpantry:roasted_seeds:1",
			"vanillafoodpantry:sandwich:0",
			"vanillafoodpantry:sandwich:1",
			"vanillafoodpantry:stewed:1",
			"vanillafoodpantry:stewed:11",
			"vanillafoodpantry:stewed:20",
			"vanillafoodpantry:stewed:21",
			"vanillafoodpantry:stewed:26",
			"vanillafoodpantry:stewed:31",
			"vanillafoodpantry:stewed:36",
			"vanillafoodpantry:stewed:38",
			"vanillafoodpantry:stewed:40",
			"vanillafoodpantry:stewed:6"
		]
	}
}
