{
	"name": "vegetable",
	"icon": "minecraft:carrot",
	"color": "72dd5a",
	"enabled": true,
	"food": {
		"oredict": [
			"cropSunflower",
			"cropTea",
			"cropTruffle",
			"cropVanillabean",
			"foodGrilledasparagus",
			"foodGrilledeggplant",
			"foodGrilledmushroom",
			"foodMushroompowder",
			"foodMushroomsalad",
			"foodStuffedmushroom",
			"foodTea",
			"foodTruffle",
			"foodVanilla",
			"foodVeggiesalad",
			"listAllgreenveggie",
			"listAllmushroom",
			"listAllpepper",
			"listAllveggie"
		],
		"items": [
			"actuallyadditions:item_food:14",
			"actuallyadditions:item_food:2",
			"actuallyadditions:item_food:3",
			"actuallyadditions:item_food:4",
			"actuallyadditions:item_food:5",
			"animania:chocolate_truffle",
			"animania:super_omelette",
			"animania:truffle_omelette",
			"animania:truffle_soup",
			"betterwithaddons:food_amanita_baked",
			"betterwithaddons:food_beetroot_baked",
			"betterwithaddons:food_beetroot_cooked",
			"betterwithaddons:food_carrot_baked",
			"betterwithaddons:food_carrot_cooked",
			"betterwithaddons:food_mushroom_baked",
			"betterwithaddons:food_pie_amanita",
			"betterwithaddons:food_pie_mushroom",
			"betterwithaddons:food_potato_cooked",
			"betterwithmods:beef_dinner",
			"betterwithmods:beef_potatoes",
			"betterwithmods:chicken_soup",
			"betterwithmods:cooked_kebab",
			"betterwithmods:cooked_omelet",
			"betterwithmods:hearty_stew",
			"betterwithmods:pork_dinner",
			"betterwithmods:raw_kebab",
			"betterwithmods:raw_omelet",
			"biomesoplenty:ambrosia",
			"chococraft:gysahl_green",
			"chococraft:pickled_gysahl_cooked",
			"chococraft:pickled_gysahl_raw",
			"foodexpansion:itembeetrootnoodles",
			"foodexpansion:itemcarrotpie",
			"foodexpansion:itemcarrotseedsoup",
			"foodexpansion:itemcookedmushroom",
			"harvestcraft:anchovypepperonipizzaitem",
			"harvestcraft:asparagusquicheitem",
			"harvestcraft:asparagussoupitem",
			"harvestcraft:baconmushroomburgeritem",
			"harvestcraft:bakedbeansitem",
			"harvestcraft:bakedbeetsitem",
			"harvestcraft:bakedsweetpotatoitem",
			"harvestcraft:bakedturnipsitem",
			"harvestcraft:bamboosteamedriceitem",
			"harvestcraft:bangersandmashitem",
			"harvestcraft:bbqpulledporkitem",
			"harvestcraft:beanburritoitem",
			"harvestcraft:beansandriceitem",
			"harvestcraft:beansontoastitem",
			"harvestcraft:beefwellingtonitem",
			"harvestcraft:beetburgeritem",
			"harvestcraft:beetsaladitem",
			"harvestcraft:beetsoupitem",
			"harvestcraft:bltitem",
			"harvestcraft:braisedonionsitem",
			"harvestcraft:broccolimacitem",
			"harvestcraft:broccolindipitem",
			"harvestcraft:butteredpotatoitem",
			"harvestcraft:cactussoupitem",
			"harvestcraft:californiarollitem",
			"harvestcraft:candiedgingeritem",
			"harvestcraft:candiedsweetpotatoesitem",
			"harvestcraft:candiedwalnutsitem",
			"harvestcraft:carrotcake",
			"harvestcraft:carrotcakeitem",
			"harvestcraft:carrotjuiceitem",
			"harvestcraft:carrotsoupitem",
			"harvestcraft:cashewchickenitem",
			"harvestcraft:ceasarsaladitem",
			"harvestcraft:celeryandpeanutbutteritem",
			"harvestcraft:celerysoupitem",
			"harvestcraft:chaiteaitem",
			"harvestcraft:charsiuitem",
			"harvestcraft:chickencelerycasseroleitem",
			"harvestcraft:chickenchowmeinitem",
			"harvestcraft:chickencurryitem",
			"harvestcraft:chickengumboitem",
			"harvestcraft:chickenparmasanitem",
			"harvestcraft:chickenpotpieitem",
			"harvestcraft:chikorollitem",
			"harvestcraft:chilichocolateitem",
			"harvestcraft:chiliitem",
			"harvestcraft:chilipoppersitem",
			"harvestcraft:chorizoitem",
			"harvestcraft:citrussaladitem",
			"harvestcraft:coconutshrimpitem",
			"harvestcraft:colasodaitem",
			"harvestcraft:coleslawburgeritem",
			"harvestcraft:coleslawitem",
			"harvestcraft:cookedtofabbititem",
			"harvestcraft:cookedtofaconitem",
			"harvestcraft:cookedtofeakitem",
			"harvestcraft:cookedtofeegitem",
			"harvestcraft:cookedtofenisonitem",
			"harvestcraft:cookedtofickenitem",
			"harvestcraft:cookedtofishitem",
			"harvestcraft:cookedtofurkeyitem",
			"harvestcraft:cookedtofuttonitem",
			"harvestcraft:cornishpastyitem",
			"harvestcraft:cottagepieitem",
			"harvestcraft:cranberryjellysandwichitem",
			"harvestcraft:creamedbroccolisoupitem",
			"harvestcraft:creamedcornitem",
			"harvestcraft:creamofavocadosoupitem",
			"harvestcraft:creeperwingsitem",
			"harvestcraft:cucumbersaladitem",
			"harvestcraft:cucumbersoupitem",
			"harvestcraft:curryitem",
			"harvestcraft:delightedmealitem",
			"harvestcraft:deluxecheeseburgeritem",
			"harvestcraft:deluxechickencurryitem",
			"harvestcraft:dhalitem",
			"harvestcraft:dimsumitem",
			"harvestcraft:ediblerootitem",
			"harvestcraft:eggplantparmitem",
			"harvestcraft:extremechiliitem",
			"harvestcraft:fishandchipsitem",
			"harvestcraft:fishlettucewrapitem",
			"harvestcraft:fishtacoitem",
			"harvestcraft:footlongitem",
			"harvestcraft:friedchickenitem",
			"harvestcraft:friedonionsitem",
			"harvestcraft:friedpecanokraitem",
			"harvestcraft:friedriceitem",
			"harvestcraft:friesitem",
			"harvestcraft:futomakiitem",
			"harvestcraft:gardensoupitem",
			"harvestcraft:garlicchickenitem",
			"harvestcraft:garlicitem",
			"harvestcraft:garlicmashedpotatoesitem",
			"harvestcraft:generaltsochickenitem",
			"harvestcraft:gherkinitem",
			"harvestcraft:gingerbreaditem",
			"harvestcraft:gingerchickenitem",
			"harvestcraft:gingeredrhubarbtartitem",
			"harvestcraft:gingeritem",
			"harvestcraft:gingersnapsitem",
			"harvestcraft:gingersodaitem",
			"harvestcraft:glazedcarrotsitem",
			"harvestcraft:grilledskewersitem",
			"harvestcraft:guacamoleitem",
			"harvestcraft:hamsweetpicklesandwichitem",
			"harvestcraft:hashitem",
			"harvestcraft:heartybreakfastitem",
			"harvestcraft:herbbutterparsnipsitem",
			"harvestcraft:holidaycake",
			"harvestcraft:holidaycakeitem",
			"harvestcraft:homestylelunchitem",
			"harvestcraft:honeyglazedcarrotsitem",
			"harvestcraft:honeysoyribsitem",
			"harvestcraft:hotandsoursoupitem",
			"harvestcraft:hotwingsitem",
			"harvestcraft:hummusitem",
			"harvestcraft:hushpuppiesitem",
			"harvestcraft:ironbrewitem",
			"harvestcraft:kimchiitem",
			"harvestcraft:kungpaochickenitem",
			"harvestcraft:lambbarleysoupitem",
			"harvestcraft:lambkebabitem",
			"harvestcraft:lambwithmintsauceitem",
			"harvestcraft:lasagnaitem",
			"harvestcraft:leafychickensandwichitem",
			"harvestcraft:leafyfishsandwichitem",
			"harvestcraft:leekbaconsoupitem",
			"harvestcraft:loadedbakedpotatoitem",
			"harvestcraft:mangochutneyitem",
			"harvestcraft:manjuuitem",
			"harvestcraft:maplesausageitem",
			"harvestcraft:marinatedcucumbersitem",
			"harvestcraft:mashedpotatoesitem",
			"harvestcraft:mashedsweetpotatoesitem",
			"harvestcraft:mcpamitem",
			"harvestcraft:meatfeastpizzaitem",
			"harvestcraft:meatloafitem",
			"harvestcraft:meatpieitem",
			"harvestcraft:mintchocolatechipicecreamitem",
			"harvestcraft:mixedsaladitem",
			"harvestcraft:mushroomlasagnaitem",
			"harvestcraft:mushroomrisottoitem",
			"harvestcraft:naanitem",
			"harvestcraft:netherwingsitem",
			"harvestcraft:okrachipsitem",
			"harvestcraft:okracreoleitem",
			"harvestcraft:oldworldveggiesoupitem",
			"harvestcraft:omeletitem",
			"harvestcraft:onionhamburgeritem",
			"harvestcraft:onionsoupitem",
			"harvestcraft:orangechickenitem",
			"harvestcraft:ovenroastedcaulifloweritem",
			"harvestcraft:paneertikkamasalaitem",
			"harvestcraft:peaandhamsoupitem",
			"harvestcraft:peasandceleryitem",
			"harvestcraft:pepperoniitem",
			"harvestcraft:pickledbeetsitem",
			"harvestcraft:pickledonionsitem",
			"harvestcraft:picklesitem",
			"harvestcraft:pizzaitem",
			"harvestcraft:pizzasoupitem",
			"harvestcraft:ploughmanslunchitem",
			"harvestcraft:poachedpearitem",
			"harvestcraft:popcornitem",
			"harvestcraft:porklettucewrapitem",
			"harvestcraft:porklomeinitem",
			"harvestcraft:potatoandcheesepirogiitem",
			"harvestcraft:potatoandleeksoupitem",
			"harvestcraft:potatocakesitem",
			"harvestcraft:potatosaladitem",
			"harvestcraft:potatosoupitem",
			"harvestcraft:potroastitem",
			"harvestcraft:poutineitem",
			"harvestcraft:randomtacoitem",
			"harvestcraft:raspberryicedteaitem",
			"harvestcraft:raspberrytrifleitem",
			"harvestcraft:rawtofabbititem",
			"harvestcraft:rawtofaconitem",
			"harvestcraft:rawtofeakitem",
			"harvestcraft:rawtofeegitem",
			"harvestcraft:rawtofenisonitem",
			"harvestcraft:rawtofickenitem",
			"harvestcraft:rawtofishitem",
			"harvestcraft:rawtofurkeyitem",
			"harvestcraft:rawtofuttonitem",
			"harvestcraft:refriedbeansitem",
			"harvestcraft:roastedrootveggiemedleyitem",
			"harvestcraft:roastpotatoesitem",
			"harvestcraft:rootbeersodaitem",
			"harvestcraft:salmonpattiesitem",
			"harvestcraft:salsaitem",
			"harvestcraft:sardinesinhotsauceitem",
			"harvestcraft:sausageinbreaditem",
			"harvestcraft:scallionbakedpotatoitem",
			"harvestcraft:sesameballitem",
			"harvestcraft:shepardspieitem",
			"harvestcraft:shrimpokrahushpuppiesitem",
			"harvestcraft:spagettiandmeatballsitem",
			"harvestcraft:spagettiitem",
			"harvestcraft:spicygreensitem",
			"harvestcraft:spinachpieitem",
			"harvestcraft:splitpeasoupitem",
			"harvestcraft:springsaladitem",
			"harvestcraft:steakandchipsitem",
			"harvestcraft:steamedpeasitem",
			"harvestcraft:steamedspinachitem",
			"harvestcraft:stuffedeggplantitem",
			"harvestcraft:stuffedmushroomitem",
			"harvestcraft:stuffedpepperitem",
			"harvestcraft:suaderoitem",
			"harvestcraft:summerradishsaladitem",
			"harvestcraft:summersquashwithradishitem",
			"harvestcraft:sundayroastitem",
			"harvestcraft:sunflowerbroccolisaladitem",
			"harvestcraft:supremepizzaitem",
			"harvestcraft:sushiitem",
			"harvestcraft:sweetandsourchickenitem",
			"harvestcraft:sweetpickleitem",
			"harvestcraft:sweetpotatopieitem",
			"harvestcraft:sweetpotatosouffleitem",
			"harvestcraft:sweetteaitem",
			"harvestcraft:tacoitem",
			"harvestcraft:teriyakichickenitem",
			"harvestcraft:toastedwesternitem",
			"harvestcraft:tomatoitem",
			"harvestcraft:tomatosoupitem",
			"harvestcraft:tunapotatoitem",
			"harvestcraft:turkishdelightitem",
			"harvestcraft:turnipsoupitem",
			"harvestcraft:vegemiteitem",
			"harvestcraft:vegemiteontoastitem",
			"harvestcraft:vegetablesoupitem",
			"harvestcraft:vegetarianlettucewrapitem",
			"harvestcraft:veggiestirfryitem",
			"harvestcraft:veggiestripsitem",
			"harvestcraft:vindalooitem",
			"harvestcraft:zeppoleitem",
			"harvestcraft:zestyzucchiniitem",
			"harvestcraft:zucchinibakeitem",
			"harvestcraft:zucchinibreaditem",
			"harvestcraft:zucchinifriesitem",
			"minecraft:baked_potato",
			"minecraft:beetroot",
			"minecraft:beetroot_soup",
			"minecraft:carrot",
			"minecraft:golden_apple:1",
			"minecraft:golden_carrot",
			"minecraft:mushroom_stew",
			"minecraft:poisonous_potato",
			"minecraft:potato",
			"minecraft:rabbit_stew",
			"natura:edibles:11",
			"natura:soups:0",
			"natura:soups:1",
			"natura:soups:2",
			"natura:soups:3",
			"natura:soups:4",
			"natura:soups:5",
			"natura:soups:6",
			"natura:soups:7",
			"natura:soups:8",
			"plants2:actaea_p",
			"plants2:akebia_q",
			"plants2:alternanthera_f",
			"plants2:alyxia_b",
			"plants2:amaranthus_h",
			"plants2:ambrosia_a",
			"plants2:ampelopsis_a",
			"plants2:apocynum_c",
			"plants2:daucus_c",
			"plants2:okra",
			"plants2:phytolacca_a",
			"plants2:plantago_m",
			"plants2:rubus_o",
			"plants2:rubus_p",
			"plants2:saffron",
			"plants2:solanum_c",
			"plants2:solanum_d",
			"plants2:solanum_n",
			"plants:alternanthera_f",
			"plants:amaranthus_h",
			"plants:daucus_c",
			"plants:okra",
			"plants:plantago_m",
			"plants:saffron",
			"primal:aconite_petal",
			"primal:aconite_root",
			"primal:aconite_sprig",
			"primal:daucus_murn_root",
			"primal:daucus_murn_root_cooked",
			"primal:nether_root",
			"primal:searing_ember",
			"primal:sinuous_resin",
			"primal:sinuous_spores",
			"realworld:food_asparagus",
			"realworld:food_bell_pepper_orange",
			"realworld:food_bell_pepper_red",
			"realworld:food_bell_pepper_yellow",
			"realworld:food_broccoli",
			"realworld:food_broccoli_soup",
			"realworld:food_brussels_sprout",
			"realworld:food_burdock_root",
			"realworld:food_cassava_root",
			"realworld:food_cauliflower",
			"realworld:food_celery",
			"realworld:food_centella_leaves",
			"realworld:food_chicory_leaves",
			"realworld:food_corn_tortilla_fish",
			"realworld:food_corn_tortilla_meat",
			"realworld:food_corn_tortilla_rice",
			"realworld:food_cucumber",
			"realworld:food_eggplant",
			"realworld:food_garlic",
			"realworld:food_green_beans",
			"realworld:food_hop_tea",
			"realworld:food_hops",
			"realworld:food_horseradish",
			"realworld:food_horseradish_soup",
			"realworld:food_hyacinth_beans",
			"realworld:food_laksa_leaves",
			"realworld:food_land_cress_leaves",
			"realworld:food_leek",
			"realworld:food_lettuce",
			"realworld:food_licorice_green",
			"realworld:food_licorice_orange",
			"realworld:food_licorice_red",
			"realworld:food_licorice_root",
			"realworld:food_licorice_yellow",
			"realworld:food_mozuku_noodles",
			"realworld:food_mozuku_soup",
			"realworld:food_onion",
			"realworld:food_orache_leaves",
			"realworld:food_radish",
			"realworld:food_sacred_lotus_root",
			"realworld:food_sandwich_fish",
			"realworld:food_sandwich_meat",
			"realworld:food_skirret_root",
			"realworld:food_sorrel",
			"realworld:food_spinach",
			"realworld:food_squash",
			"realworld:food_stir_fry",
			"realworld:food_stuffed_pepper_orange",
			"realworld:food_stuffed_pepper_red",
			"realworld:food_stuffed_pepper_yellow",
			"realworld:food_swiss_chard",
			"realworld:food_taro_root",
			"realworld:food_tomato",
			"realworld:food_tomato_soup",
			"realworld:food_turnip",
			"realworld:food_wasabi_stem",
			"realworld:food_water_chestnut",
			"realworld:food_watercress",
			"realworld:food_wrap_corn_fish",
			"realworld:food_wrap_corn_meat",
			"realworld:food_wrap_corn_rice",
			"realworld:food_wrap_seaweed",
			"realworld:food_wrap_seaweed_fish",
			"realworld:food_wrap_seaweed_meat",
			"realworld:food_wrap_seaweed_rice",
			"roots:aubergine_item",
			"rustic:chili_pepper",
			"rustic:cloudsbluff",
			"rustic:core_root",
			"rustic:ginseng",
			"rustic:marsh_mallow",
			"rustic:tomato",
			"saltmod:beetroot_salad",
			"saltmod:carrot_pie",
			"saltmod:dandelion_salad",
			"saltmod:fermented_saltwort",
			"saltmod:fish_salmon_soup",
			"saltmod:fish_soup",
			"saltmod:grated_carrot",
			"saltmod:hufc",
			"saltmod:mushroom_pie",
			"saltmod:onion_pie",
			"saltmod:pickled_fern",
			"saltmod:pickled_mushroom",
			"saltmod:potato_mushroom",
			"saltmod:potato_pie",
			"saltmod:salt_beetroot",
			"saltmod:salt_beetroot_salad",
			"saltmod:salt_beetroot_soup",
			"saltmod:salt_dandelion_salad",
			"saltmod:salt_fish_salmon_soup",
			"saltmod:salt_fish_soup",
			"saltmod:salt_hufc",
			"saltmod:salt_mushroom_stew",
			"saltmod:salt_potato_baked",
			"saltmod:salt_potato_mushroom",
			"saltmod:salt_rabbit_stew",
			"saltmod:salt_vegetable_stew",
			"saltmod:saltwort_beef",
			"saltmod:saltwort_mutton",
			"saltmod:saltwort_porkchop",
			"saltmod:saltwort_salad",
			"saltmod:saltwort_seed",
			"saltmod:vegetable_stew",
			"simplytea:cup_tea_black:0",
			"simplytea:cup_tea_black:1",
			"simplytea:cup_tea_green:0",
			"simplytea:cup_tea_green:1",
			"vanillafoodpantry:bread_pocket:0",
			"vanillafoodpantry:bread_pocket:3",
			"vanillafoodpantry:breads:413",
			"vanillafoodpantry:breads:417",
			"vanillafoodpantry:caramelized_alliums",
			"vanillafoodpantry:chopped_alliums",
			"vanillafoodpantry:cookie:793",
			"vanillafoodpantry:creamsoup:928",
			"vanillafoodpantry:creamsoup:929",
			"vanillafoodpantry:creamsoup:973",
			"vanillafoodpantry:creamsoup:987",
			"vanillafoodpantry:creamsoup:990",
			"vanillafoodpantry:creamsoup:993",
			"vanillafoodpantry:creamsoup:995",
			"vanillafoodpantry:edible_cactus",
			"vanillafoodpantry:egg_pie:3",
			"vanillafoodpantry:fish_chowder",
			"vanillafoodpantry:fried_egg_and_tatoes",
			"vanillafoodpantry:fries:0",
			"vanillafoodpantry:fries:1",
			"vanillafoodpantry:fries:2",
			"vanillafoodpantry:fries:3",
			"vanillafoodpantry:fries:4",
			"vanillafoodpantry:fries:5",
			"vanillafoodpantry:fries:8",
			"vanillafoodpantry:fries:9",
			"vanillafoodpantry:fungi_purged",
			"vanillafoodpantry:ham_hocks_stew",
			"vanillafoodpantry:juice:202",
			"vanillafoodpantry:juice:204",
			"vanillafoodpantry:juice:211",
			"vanillafoodpantry:juice:214",
			"vanillafoodpantry:kebab:6",
			"vanillafoodpantry:kebab:7",
			"vanillafoodpantry:nuggets:17",
			"vanillafoodpantry:nuggets:29",
			"vanillafoodpantry:nuggets:41",
			"vanillafoodpantry:nuggets:48",
			"vanillafoodpantry:nuggets:49",
			"vanillafoodpantry:nuggets:53",
			"vanillafoodpantry:nuggets:60",
			"vanillafoodpantry:nuggets:61",
			"vanillafoodpantry:nuggets:65",
			"vanillafoodpantry:nuggets:77",
			"vanillafoodpantry:portion_roasted_veg",
			"vanillafoodpantry:potato_chowder",
			"vanillafoodpantry:raw_vegetables",
			"vanillafoodpantry:roast_corn",
			"vanillafoodpantry:roasted_eggplant",
			"vanillafoodpantry:roasted_vegetables",
			"vanillafoodpantry:sauteed_alliums_mushrooms",
			"vanillafoodpantry:stewed:0",
			"vanillafoodpantry:stewed:1",
			"vanillafoodpantry:stewed:10",
			"vanillafoodpantry:stewed:11",
			"vanillafoodpantry:stewed:15",
			"vanillafoodpantry:stewed:25",
			"vanillafoodpantry:stewed:26",
			"vanillafoodpantry:stewed:36",
			"vanillafoodpantry:stewed:38",
			"vanillafoodpantry:stewed:45",
			"vanillafoodpantry:stewed:5",
			"vanillafoodpantry:stewed:6",
			"vanillafoodpantry:tatoes:0",
			"vanillafoodpantry:tatoes:1",
			"vanillafoodpantry:tatoes:10",
			"vanillafoodpantry:tatoes:11",
			"vanillafoodpantry:tatoes:3",
			"vanillafoodpantry:tatoes:4",
			"vanillafoodpantry:tatoes:5",
			"vanillafoodpantry:tatoes:6",
			"vanillafoodpantry:tatoes:7",
			"vanillafoodpantry:tatoes:8",
			"vanillafoodpantry:tatoes:9",
			"vanillafoodpantry:teadrink:201",
			"vanillafoodpantry:teadrink:202",
			"vanillafoodpantry:teadrink:380",
			"vanillafoodpantry:teadrink:381"
		]
	}
}
