{"stats":{"minecraft:picked_up":{"minecraft:sand":3,"minecraft:white_concrete_powder":1,"minecraft:activator_rail":2},"minecraft:dropped":{"minecraft:white_concrete_powder":1},"minecraft:custom":{"minecraft:jump":3,"minecraft:time_since_rest":527,"minecraft:play_one_minute":13774,"minecraft:leave_game":2,"minecraft:time_since_death":13774,"minecraft:sneak_time":243,"minecraft:drop":1,"minecraft:fly_one_cm":130456},"minecraft:used":{"minecraft:stone_button":3,"minecraft:black_concrete":1,"minecraft:activator_rail":10,"minecraft:white_concrete":9,"minecraft:redstone_block":4,"minecraft:command_block":9,"minecraft:obsidian":30}},"DataVersion":2230}