{"stats":{"minecraft:used":{"minecraft:torch":8,"minecraft:purple_stained_glass":10,"minecraft:dark_oak_planks":15,"minecraft:magenta_banner":19,"minecraft:dark_oak_stairs":51,"minecraft:pink_concrete":19,"minecraft:coal_block":54,"minecraft:black_concrete":1,"minecraft:stripped_dark_oak_log":23,"minecraft:iron_shovel":28,"minecraft:birch_leaves":27,"minecraft:birch_planks":12,"minecraft:dark_oak_log":104,"minecraft:oak_slab":2,"minecraft:birch_slab":11,"minecraft:spruce_wood":1,"minecraft:stripped_birch_log":39,"minecraft:grass_block":328,"minecraft:spruce_slab":3,"minecraft:birch_sign":1,"minecraft:birch_log":11,"minecraft:birch_wood":6,"minecraft:grass_path":84,"minecraft:pink_banner":17,"minecraft:pink_stained_glass":83,"minecraft:campfire":2,"minecraft:magenta_concrete":16,"minecraft:dark_oak_leaves":163,"minecraft:dark_oak_slab":66,"minecraft:magenta_stained_glass":11,"minecraft:pink_stained_glass_pane":9,"minecraft:birch_stairs":32},"minecraft:dropped":{"minecraft:purple_stained_glass":1},"minecraft:custom":{"minecraft:time_since_rest":55601,"minecraft:play_one_minute":55699,"minecraft:crouch_one_cm":2363,"minecraft:sprint_one_cm":4933,"minecraft:deaths":1,"minecraft:damage_taken":240,"minecraft:walk_one_cm":44197,"minecraft:sneak_time":2276,"minecraft:drop":1,"minecraft:jump":109,"minecraft:leave_game":1,"minecraft:time_since_death":55575,"minecraft:fly_one_cm":192250}},"DataVersion":2230}