{"stats":{"minecraft:picked_up":{"minecraft:emerald":1},"minecraft:custom":{"minecraft:jump":3,"minecraft:time_since_rest":70314,"minecraft:crouch_one_cm":37,"minecraft:play_one_minute":70314,"minecraft:leave_game":2,"minecraft:walk_one_cm":223,"minecraft:interact_with_beacon":14,"minecraft:time_since_death":70314,"minecraft:sneak_time":2062,"minecraft:fly_one_cm":277128},"minecraft:used":{"minecraft:gold_block":19,"minecraft:white_stained_glass":23,"minecraft:purpur_block":762,"minecraft:quartz_block":66,"minecraft:magenta_concrete":78,"minecraft:blue_terracotta":132,"minecraft:purple_concrete":164,"minecraft:magenta_wool":31,"minecraft:emerald_block":9,"minecraft:beacon":3,"minecraft:purple_wool":135,"minecraft:diamond_block":9,"minecraft:grass_block":14}},"DataVersion":2230}