<galaxy>
    <star name="Sol" temp="100" x="0" y="0" size="1.0" numPlanets="0" numGasGiants="0">
        <planet name="Earth" DIMID="0" dimMapping="">
            <isKnown>true</isKnown>
            <fogColor>1.0,1.0,1.0</fogColor>
            <skyColor>1.0,1.0,1.0</skyColor>
            <gravitationalMultiplier>100</gravitationalMultiplier>
            <orbitalDistance>100</orbitalDistance>
            <orbitalPhi>0</orbitalPhi>
            <rotationalPeriod>24000</rotationalPeriod>
            <atmosphereDensity>100</atmosphereDensity>
            <planet name="Luna" DIMID="3">
                <isKnown>false</isKnown>
                <fogColor>1.0,1.0,1.0</fogColor>
                <skyColor>1.0,1.0,1.0</skyColor>
                <gravitationalMultiplier>16</gravitationalMultiplier>
                <orbitalDistance>150</orbitalDistance>
                <orbitalPhi>0</orbitalPhi>
                <rotationalPeriod>128000</rotationalPeriod>
                <atmosphereDensity>0</atmosphereDensity>
                <biomeIds>advancedrocketry:moondark,advancedrocketry:moon</biomeIds>
            </planet>
        </planet>
        <planet name="Mars" DIMID="16">
            <isKnown>false</isKnown>
            <fogColor>1.0,1.0,1.0</fogColor>
            <skyColor>0.23552197,0.5528875,1.0</skyColor>
            <gravitationalMultiplier>110</gravitationalMultiplier>
            <orbitalDistance>195</orbitalDistance>
            <orbitalPhi>0</orbitalPhi>
            <rotationalPeriod>18031</rotationalPeriod>
            <atmosphereDensity>72</atmosphereDensity>
            <biomeIds>twilightforest:twilight_forest,twilightforest:mushroom_forest,minecraft:deep_ocean,biomesoplenty:moor,biomesoplenty:highland</biomeIds>
            <planet name="Phobos" DIMID="1051">
                <isKnown>false</isKnown>
                <fogColor>1.0,1.0,1.0</fogColor>
                <skyColor>0.8,0.6596607,0.11383283</skyColor>
                <gravitationalMultiplier>126</gravitationalMultiplier>
                <orbitalDistance>90</orbitalDistance>
                <orbitalPhi>-2</orbitalPhi>
                <rotationalPeriod>11997</rotationalPeriod>
                <atmosphereDensity>155</atmosphereDensity>
                <biomeIds>advancedrocketry:alien forest</biomeIds>
            </planet>
            <planet name="Deimos" DIMID="1052">
                <isKnown>false</isKnown>
                <fogColor>1.0,1.0,1.0</fogColor>
                <skyColor>0.8,0.6596607,0.11383283</skyColor>
                <gravitationalMultiplier>126</gravitationalMultiplier>
                <orbitalDistance>90</orbitalDistance>
                <orbitalPhi>-2</orbitalPhi>
                <rotationalPeriod>11997</rotationalPeriod>
                <atmosphereDensity>155</atmosphereDensity>
                <biomeIds>advancedrocketry:alien forest</biomeIds>
            </planet>
        </planet>
        <planet name="Saturn" DIMID="19">
            <isKnown>false</isKnown>
            <fogColor>1.0,1.0,1.0</fogColor>
            <skyColor>0.8,0.6596607,0.11383283</skyColor>
            <gravitationalMultiplier>126</gravitationalMultiplier>
            <orbitalDistance>90</orbitalDistance>
            <orbitalPhi>-2</orbitalPhi>
            <rotationalPeriod>11997</rotationalPeriod>
            <atmosphereDensity>155</atmosphereDensity>
            <biomeIds>advancedrocketry:alien forest</biomeIds>
        </planet>
        <planet name="Mercery" DIMID="4">
            <isKnown>false</isKnown>
            <GasGiant>true</GasGiant>
            <gas>nitrogen</gas>
            <gas>hydrogen</gas>
            <gas>oxygen</gas>
            <fogColor>1.0,1.0,1.0</fogColor>
            <skyColor>1.0,1.0,1.0</skyColor>
            <gravitationalMultiplier>130</gravitationalMultiplier>
            <orbitalDistance>200</orbitalDistance>
            <orbitalPhi>0</orbitalPhi>
            <rotationalPeriod>24000</rotationalPeriod>
            <atmosphereDensity>160</atmosphereDensity>
            <biomeIds>advancedrocketry:hotdryrock</biomeIds>
        </planet>
        <planet name="Venus" DIMID="54">
            <isKnown>false</isKnown>
            <fogColor>1.0,1.0,1.0</fogColor>
            <skyColor>0.8,0.82618,0.14542347</skyColor>
            <gravitationalMultiplier>98</gravitationalMultiplier>
            <orbitalDistance>35</orbitalDistance>
            <orbitalPhi>-4</orbitalPhi>
            <rotationalPeriod>25499</rotationalPeriod>
            <atmosphereDensity>110</atmosphereDensity>
            <biomeIds>advancedrocketry:alien forest</biomeIds>
        </planet>
        <planet name="Jupiter" DIMID="21">
            <isKnown>false</isKnown>
            <fogColor>1.0,1.0,1.0</fogColor>
            <skyColor>0.5878742,0.89389074,1.0</skyColor>
            <gravitationalMultiplier>104</gravitationalMultiplier>
            <orbitalDistance>126</orbitalDistance>
            <orbitalPhi>-3</orbitalPhi>
            <rotationalPeriod>20150</rotationalPeriod>
            <atmosphereDensity>58</atmosphereDensity>
            <biomeIds>biomesoplenty:prairie,minecraft:smaller_extreme_hills,biomesoplenty:temperate_rainforest,advancedrocketry:oceanspires,twilightforest:fire_swamp</biomeIds>
        </planet>
        <planet name="Saturn" DIMID="22">
            <isKnown>false</isKnown>
            <hasRings>true</hasRings>
            <ringColor>0.4,0.4,0.7</ringColor>
            <fogColor>1.0,1.0,1.0</fogColor>
            <skyColor>0.8,0.7824364,0.25267386</skyColor>
            <gravitationalMultiplier>130</gravitationalMultiplier>
            <orbitalDistance>94</orbitalDistance>
            <orbitalPhi>-4</orbitalPhi>
            <rotationalPeriod>10923</rotationalPeriod>
            <atmosphereDensity>144</atmosphereDensity>
            <biomeIds>traverse:woodlands,biomesoplenty:bayou,minecraft:jungle_hills,traverse:badlands,minecraft:mutated_jungle,advancedrocketry:crystalchasms</biomeIds>
        </planet>
        <planet name="Uranus" DIMID="26">
            <isKnown>false</isKnown>
            <fogColor>1.0,1.0,1.0</fogColor>
            <skyColor>0.8,0.5622388,0.620012</skyColor>
            <gravitationalMultiplier>112</gravitationalMultiplier>
            <orbitalDistance>91</orbitalDistance>
            <orbitalPhi>-3</orbitalPhi>
            <rotationalPeriod>17082</rotationalPeriod>
            <atmosphereDensity>100</atmosphereDensity>
            <biomeIds>abyssalcraft:dreadlands_forest,minecraft:savanna_rock,biomesoplenty:overgrown_cliffs,minecraft:mutated_jungle,minecraft:ocean</biomeIds>
        </planet>
        <planet name="Neptune" DIMID="12">
            <isKnown>false</isKnown>
            <fogColor>1.0,1.0,1.0</fogColor>
            <skyColor>0.8,0.85336864,0.0</skyColor>
            <gravitationalMultiplier>95</gravitationalMultiplier>
            <orbitalDistance>86</orbitalDistance>
            <orbitalPhi>0</orbitalPhi>
            <rotationalPeriod>27992</rotationalPeriod>
            <atmosphereDensity>200</atmosphereDensity>
            <biomeIds>minecraft:ice_mountains</biomeIds>
        </planet>
        <planet name="Pluto" DIMID="15" customIcon="IceWorld">
            <isKnown>false</isKnown>
            <fogColor>1.0,1.0,1.0</fogColor>
            <skyColor>0.0,0.5380826,1.0</skyColor>
            <gravitationalMultiplier>69</gravitationalMultiplier>
            <orbitalDistance>155</orbitalDistance>
            <orbitalPhi>0</orbitalPhi>
            <rotationalPeriod>73057</rotationalPeriod>
            <atmosphereDensity>13</atmosphereDensity>
            <biomeIds>minecraft:mutated_ice_flats</biomeIds>
        </planet>
    </star>
    <star name="Fandom" temp="10" x="300" y="-200" size="1.0" numPlanets="0" numGasGiants="0">
        <planet name="Transsexual" DIMID="32">
            <isKnown>false</isKnown>
            <fogColor>1.0,1.0,1.0</fogColor>
            <skyColor>0.8,0.8479778,0.0</skyColor>
            <gravitationalMultiplier>98</gravitationalMultiplier>
            <orbitalDistance>58</orbitalDistance>
            <orbitalPhi>2</orbitalPhi>
            <rotationalPeriod>25499</rotationalPeriod>
            <atmosphereDensity>195</atmosphereDensity>
            <biomeIds>advancedrocketry:alien forest</biomeIds>
        </planet>
        <planet name="Gallifrey" DIMID="47">
            <isKnown>true</isKnown>
            <fogColor>1.0,1.0,1.0</fogColor>
            <skyColor>0.8,0.6525768,0.8529489</skyColor>
            <gravitationalMultiplier>99</gravitationalMultiplier>
            <orbitalDistance>119</orbitalDistance>
            <orbitalPhi>-1</orbitalPhi>
            <rotationalPeriod>24734</rotationalPeriod>
            <atmosphereDensity>109</atmosphereDensity>
            <biomeIds>minecraft:forest,traverse:crag_cliffs,twilightforest:highlands_center,minecraft:desert,traverse:autumnal_woods</biomeIds>
        </planet>
        <planet name="Skaro" DIMID="65">
            <isKnown>false</isKnown>
            <fogColor>1.0,1.0,1.0</fogColor>
            <skyColor>0.3264588,0.6182672,1.0</skyColor>
            <gravitationalMultiplier>54</gravitationalMultiplier>
            <orbitalDistance>139</orbitalDistance>
            <orbitalPhi>2</orbitalPhi>
            <rotationalPeriod>152415</rotationalPeriod>
            <atmosphereDensity>31</atmosphereDensity>
            <biomeIds>advancedrocketry:marsh,minecraft:roofed_forest,advancedrocketry:deepswamp,biomesoplenty:mountain_foothills,traverse:birch_forested_hills</biomeIds>
        </planet>
        <planet name="Alderaan: 0" DIMID="35">
            <isKnown>false</isKnown>
            <fogColor>1.0,1.0,1.0</fogColor>
            <skyColor>0.21090013,0.9793546,1.0</skyColor>
            <gravitationalMultiplier>54</gravitationalMultiplier>
            <orbitalDistance>120</orbitalDistance>
            <orbitalPhi>-3</orbitalPhi>
            <rotationalPeriod>152415</rotationalPeriod>
            <atmosphereDensity>15</atmosphereDensity>
            <biomeIds>biomesoplenty:overgrown_cliffs,minecraft:ocean,biomesoplenty:chaparral</biomeIds>
            <artifact>minecraft:nether_star 0 1</artifact>
        </planet>
        <planet name="Xandar" DIMID="36">
            <isKnown>false</isKnown>
            <fogColor>1.0,1.0,1.0</fogColor>
            <skyColor>0.0,0.7874744,1.0</skyColor>
            <gravitationalMultiplier>44</gravitationalMultiplier>
            <orbitalDistance>170</orbitalDistance>
            <orbitalPhi>1</orbitalPhi>
            <rotationalPeriod>281743</rotationalPeriod>
            <atmosphereDensity>22</atmosphereDensity>
            <biomeIds>biomesoplenty:dead_swamp,biomesoplenty:ominous_woods,traverse:badlands</biomeIds>
        </planet>
        <planet name="Magrathea" DIMID="37">
            <isKnown>false</isKnown>
            <fogColor>1.0,1.0,1.0</fogColor>
            <skyColor>0.0,0.8110147,1.0</skyColor>
            <gravitationalMultiplier>78</gravitationalMultiplier>
            <orbitalDistance>165</orbitalDistance>
            <orbitalPhi>-6</orbitalPhi>
            <rotationalPeriod>50574</rotationalPeriod>
            <atmosphereDensity>23</atmosphereDensity>
            <biomeIds>minecraft:frozen_river,traverse:glacier_spikes,biomesoplenty:tundra</biomeIds>
            <artifact>realfilingcabinet:upgrade 6 1</artifact>
        </planet>
        <planet name="Krypton" DIMID="38">
            <isKnown>false</isKnown>
            <fogColor>1.0,1.0,1.0</fogColor>
            <skyColor>0.8,0.8833487,0.5302347</skyColor>
            <gravitationalMultiplier>130</gravitationalMultiplier>
            <orbitalDistance>139</orbitalDistance>
            <orbitalPhi>2</orbitalPhi>
            <rotationalPeriod>10923</rotationalPeriod>
            <atmosphereDensity>157</atmosphereDensity>
            <biomeIds>traverse:woodlands,minecraft:stone_beach,biomesoplenty:tropical_island,minecraft:ocean,minecraft:mutated_swampland,advancedrocketry:crystalchasms,advancedrocketry:space</biomeIds>
        </planet>
        <planet name="Cybertron: 0" DIMID="39">
            <isKnown>false</isKnown>
            <fogColor>1.0,1.0,1.0</fogColor>
            <skyColor>0.27472103,0.6884029,1.0</skyColor>
            <gravitationalMultiplier>87</gravitationalMultiplier>
            <orbitalDistance>123</orbitalDistance>
            <orbitalPhi>-3</orbitalPhi>
            <rotationalPeriod>36446</rotationalPeriod>
            <atmosphereDensity>0</atmosphereDensity>
            <biomeIds>advancedrocketry:moon</biomeIds>
            <fillerBlock>quark:iron_plate</fillerBlock>
        </planet>
        <planet name="Raxicoricofallapatorius" DIMID="40">
            <isKnown>false</isKnown>
            <fogColor>1.0,1.0,1.0</fogColor>
            <skyColor>0.8,0.54600406,0.15856981</skyColor>
            <gravitationalMultiplier>88</gravitationalMultiplier>
            <orbitalDistance>38</orbitalDistance>
            <orbitalPhi>-1</orbitalPhi>
            <rotationalPeriod>35217</rotationalPeriod>
            <atmosphereDensity>111</atmosphereDensity>
            <biomeIds>biomesoplenty:tropical_rainforest,traverse:woodlands,traverse:badlands,minecraft:mutated_savanna,traverse:temperate_rainforest</biomeIds>
        </planet>
        <planet name="Phobos" DIMID="42">
            <isKnown>false</isKnown>
            <fogColor>1.0,1.0,1.0</fogColor>
            <skyColor>0.26757395,0.7063006,1.0</skyColor>
            <gravitationalMultiplier>62</gravitationalMultiplier>
            <orbitalDistance>141</orbitalDistance>
            <orbitalPhi>-2</orbitalPhi>
            <rotationalPeriod>100701</rotationalPeriod>
            <atmosphereDensity>25</atmosphereDensity>
            <biomeIds>abyssalcraft:dark_realm</biomeIds>
        </planet>
        <planet name="Titan" DIMID="43">
            <isKnown>false</isKnown>
            <fogColor>1.0,1.0,1.0</fogColor>
            <skyColor>0.3092326,0.5720936,1.0</skyColor>
            <gravitationalMultiplier>73</gravitationalMultiplier>
            <orbitalDistance>126</orbitalDistance>
            <orbitalPhi>-3</orbitalPhi>
            <rotationalPeriod>61693</rotationalPeriod>
            <atmosphereDensity>20</atmosphereDensity>
            <biomeIds>abyssalcraft:dark_realm</biomeIds>
        </planet>
        <planet name="Charon" DIMID="44">
            <isKnown>false</isKnown>
            <fogColor>1.0,1.0,1.0</fogColor>
            <skyColor>0.20450503,0.85322654,1.0</skyColor>
            <gravitationalMultiplier>75</gravitationalMultiplier>
            <orbitalDistance>136</orbitalDistance>
            <orbitalPhi>-3</orbitalPhi>
            <rotationalPeriod>56888</rotationalPeriod>
            <atmosphereDensity>15</atmosphereDensity>
            <biomeIds>biomesoplenty:volcanic_island,traverse:canyon</biomeIds>
        </planet>
        <planet name="Gazorpazorp" DIMID="57">
            <isKnown>false</isKnown>
            <fogColor>1.0,1.0,1.0</fogColor>
            <skyColor>0.52263427,0.8321105,1.0</skyColor>
            <gravitationalMultiplier>79</gravitationalMultiplier>
            <orbitalDistance>110</orbitalDistance>
            <orbitalPhi>0</orbitalPhi>
            <rotationalPeriod>48677</rotationalPeriod>
            <atmosphereDensity>34</atmosphereDensity>
            <skyColor>0.11,1.00,0.50</skyColor>
            <biomeIds>biomesoplenty:outback, biomesoplenty:seasonal_forest</biomeIds>
            <artifact>opencomputers:material 1 64</artifact>
        </planet>
        <planet name="Vulcan" DIMID="58">
            <isKnown>false</isKnown>
            <fogColor>1.0,1.0,1.0</fogColor>
            <skyColor>0.24270767,0.6875137,1.0</skyColor>
            <gravitationalMultiplier>58</gravitationalMultiplier>
            <orbitalDistance>151</orbitalDistance>
            <orbitalPhi>0</orbitalPhi>
            <rotationalPeriod>123006</rotationalPeriod>
            <atmosphereDensity>32</atmosphereDensity>
            <biomeIds>biomesoplenty:outback,traverse:temperate_rainforest,minecraft:mutated_desert,minecraft:swampland,minecraft:savanna</biomeIds>
        </planet>
    </star>
    <star name="Norse Mythology" temp="170" x="-200" y="80" size="1.0" numPlanets="0" numGasGiants="0" blackHole="true">
        <planet name="Asgard" DIMID="34">
            <isKnown>false</isKnown>
            <fogColor>1.0,1.0,1.0</fogColor>
            <skyColor>0.37350494,0.9763119,1.0</skyColor>
            <gravitationalMultiplier>130</gravitationalMultiplier>
            <orbitalDistance>127</orbitalDistance>
            <orbitalPhi>-4</orbitalPhi>
            <rotationalPeriod>10923</rotationalPeriod>
            <atmosphereDensity>41</atmosphereDensity>
            <biomeIds>biomesoplenty:undergarden,biomesoplenty:woodland,biomesoplenty:visceral_heap,minecraft:mutated_mesa,traverse:temperate_rainforest</biomeIds>
        </planet>
        <planet name="Niflheim" DIMID="55">
            <isKnown>false</isKnown>
            <fogColor>1.0,1.0,1.0</fogColor>
            <skyColor>0.8,0.9520757,0.24259794</skyColor>
            <gravitationalMultiplier>130</gravitationalMultiplier>
            <orbitalDistance>169</orbitalDistance>
            <orbitalPhi>0</orbitalPhi>
            <rotationalPeriod>10923</rotationalPeriod>
            <atmosphereDensity>200</atmosphereDensity>
            <biomeIds>minecraft:extreme_hills</biomeIds>
        </planet>
        <planet name="Muspelheim" DIMID="56">
            <isKnown>false</isKnown>
            <fogColor>1.0,1.0,1.0</fogColor>
            <skyColor>0.8,0.92411935,0.0</skyColor>
            <gravitationalMultiplier>130</gravitationalMultiplier>
            <orbitalDistance>14</orbitalDistance>
            <orbitalPhi>2</orbitalPhi>
            <rotationalPeriod>10923</rotationalPeriod>
            <atmosphereDensity>141</atmosphereDensity>
            <biomeIds>advancedrocketry:alien forest</biomeIds>
        </planet>
        <planet name="Jotunheim" DIMID="41">
            <isKnown>false</isKnown>
            <fogColor>1.0,1.0,1.0</fogColor>
            <skyColor>0.8,0.5706563,0.0</skyColor>
            <gravitationalMultiplier>130</gravitationalMultiplier>
            <orbitalDistance>1</orbitalDistance>
            <orbitalPhi>-2</orbitalPhi>
            <rotationalPeriod>10923</rotationalPeriod>
            <atmosphereDensity>125</atmosphereDensity>
            <biomeIds>advancedrocketry:alien forest</biomeIds>
        </planet>
        <planet name="Vanaheim" DIMID="59">
            <isKnown>false</isKnown>
            <fogColor>1.0,1.0,1.0</fogColor>
            <skyColor>0.3339157,0.65636075,1.0</skyColor>
            <gravitationalMultiplier>129</gravitationalMultiplier>
            <orbitalDistance>140</orbitalDistance>
            <orbitalPhi>0</orbitalPhi>
            <rotationalPeriod>11180</rotationalPeriod>
            <atmosphereDensity>32</atmosphereDensity>
            <biomeIds>biomesoplenty:tropical_rainforest,biomesoplenty:orchard,biomesoplenty:redwood_forest</biomeIds>
            <artifact>item.immersiveengineering.tool 0 1</artifact>
        </planet>
        <planet name="Alfheim" DIMID="60">
            <isKnown>false</isKnown>
            <fogColor>1.0,1.0,1.0</fogColor>
            <skyColor>0.8,0.81756777,0.21550864</skyColor>
            <gravitationalMultiplier>126</gravitationalMultiplier>
            <orbitalDistance>161</orbitalDistance>
            <orbitalPhi>0</orbitalPhi>
            <rotationalPeriod>11997</rotationalPeriod>
            <atmosphereDensity>200</atmosphereDensity>
            <biomeIds>biomesoplenty:coral_reef,minecraft:ocean,biomesoplenty:xeric_shrubland,traverse:woodlands,biomesoplenty:kelp_forest,advancedrocketry:crystalchasms,advancedrocketry:space</biomeIds>
        </planet>
        <planet name="Svartalfheim" DIMID="45">
            <isKnown>false</isKnown>
            <fogColor>1.0,1.0,1.0</fogColor>
            <skyColor>0.8,0.94028854,0.1609962</skyColor>
            <gravitationalMultiplier>116</gravitationalMultiplier>
            <orbitalDistance>77</orbitalDistance>
            <orbitalPhi>1</orbitalPhi>
            <rotationalPeriod>14984</rotationalPeriod>
            <atmosphereDensity>133</atmosphereDensity>
            <biomeIds>biomesoplenty:volcanic_island,traverse:badlands,biomesoplenty:phantasmagoric_inferno,biomesoplenty:brushland,minecraft:jungle_edge,advancedrocketry:crystalchasms,advancedrocketry:space</biomeIds>
        </planet>
        <planet name="Helheim" DIMID="46">
            <isKnown>false</isKnown>
            <fogColor>1.0,1.0,1.0</fogColor>
            <skyColor>0.18705499,0.6102761,1.0</skyColor>
            <gravitationalMultiplier>78</gravitationalMultiplier>
            <orbitalDistance>149</orbitalDistance>
            <orbitalPhi>0</orbitalPhi>
            <rotationalPeriod>50574</rotationalPeriod>
            <atmosphereDensity>28</atmosphereDensity>
            <biomeIds>biomesoplenty:phantasmagoric_inferno,traverse:green_swamp,minecraft:mushroom_island,traverse:mini_jungle,traverse:meadow</biomeIds>
        </planet>
    </star>
</galaxy>