<!-->
	<Recipe timeRequired="NUMBER" power="NUMBER">
		<input>
			<fluidStack>FLUID NAME SIZE</fluidStack>
			<itemStack>ITEM_NAME SIZE META</itemStack>
			<oreDict>OREDICT_NAME SIZE</oreDict>
        </input>
		<output>
			<fluidStack>FLUID_NAME SIZE</fluidStack>
			<itemStack>ITEM_NAME SIZE META</itemStack>
			<oreDict>OREDICT_NAME SIZE</oreDict>
		</output>
	</Recipe>
	
	Can have Multiple In/Outputs
	Some Machines can only Accept either Fluids or Items
	
	timeRequired="NUMBER"	how long a Recipe takes, Unit is in Ticks.
	power="NUMBER" how much Power the Recipes takes per Tick. Unit is in RF.
	
	The "useDefault" attribute will prevent loading of recipes if set to "false"
<!-->
<Recipes useDefault="true">
	<Recipe timeRequired="900" power ="100">
		<input>
			<oreDict>ingotGold</oreDict>
			<oreDict>dustRedstone</oreDict>
			<oreDict>waferSilicon</oreDict>
		</input>
		<output>
			<itemStack>advancedrocketry:itemcircuitplate</itemStack>
		</output>
	</Recipe>
	<Recipe timeRequired="900" power ="100">
		<input>
			<oreDict>ingotGold</oreDict>
			<itemStack>minecraft:redstone_block</itemStack>
			<oreDict>waferSilicon</oreDict>
		</input>
		<output>
			<itemStack>advancedrocketry:itemcircuitplate 1 1</itemStack>
		</output>
	</Recipe>
	<Recipe timeRequired="500" power ="60">
		<input>
			<oreDict>gemEmerald</oreDict>
			<itemStack>advancedrocketry:ic</itemStack>
			<oreDict>dustRedstone</oreDict>
		</input>
		<output>
			<itemStack>advancedrocketry:dataunit</itemStack>
		</output>
	</Recipe>
	<Recipe timeRequired="900" power ="50">
		<input>
			<itemStack>advancedrocketry:itemcircuitplate</itemStack>
			<itemStack>minecraft:ender_eye</itemStack>
			<oreDict>dustRedstone</oreDict>
		</input>
		<output>
			<itemStack>advancedrocketry:ic 1 1</itemStack>
		</output>
	</Recipe>
	<Recipe timeRequired="200" power ="10">
		<input>
			<oreDict>plateSilicon</oreDict>
			<oreDict>plateGold</oreDict>
			<oreDict>dustRedstone</oreDict>
		</input>
		<output>
			<itemStack>advancedrocketry:ic 1 4</itemStack>
		</output>
	</Recipe>
	<Recipe timeRequired="200" power ="10">
		<input>
			<oreDict>plateSilicon</oreDict>
			<oreDict>plateCopper</oreDict>
			<oreDict>dustRedstone</oreDict>
		</input>
		<output>
			<itemStack>advancedrocketry:ic 1 3</itemStack>
		</output>
	</Recipe>
	<Recipe timeRequired="200" power ="10">
		<input>
			<oreDict>plateSilicon</oreDict>
			<itemStack>minecraft:dye 1 4</itemStack>
			<oreDict>dustRedstone</oreDict>
		</input>
		<output>
			<itemStack>advancedrocketry:ic 1 5</itemStack>
		</output>
	</Recipe>
	<Recipe timeRequired="400" power ="1">
		<input>
			<oreDict>dustRedstone</oreDict>
			<itemStack>minecraft:redstone_torch</itemStack>
			<itemStack>advancedrocketry:ic</itemStack>
			<itemStack>advancedrocketry:ic 1 3</itemStack>
		</input>
		<output>
			<itemStack>advancedrocketry:itemupgrade</itemStack>
		</output>
	</Recipe>
	<Recipe timeRequired="400" power ="1">
		<input>
			<itemStack>minecraft:fire_charge</itemStack>
			<oreDict>gemDiamond</oreDict>
			<itemStack>advancedrocketry:ic 1 2</itemStack>
			<itemStack>advancedrocketry:ic 1 3</itemStack>
		</input>
		<output>
			<itemStack>advancedrocketry:itemupgrade 1 1</itemStack>
		</output>
	</Recipe>
	<Recipe timeRequired="400" power ="1">
		<input>
			<itemStack>libvulpes:motor</itemStack>
			<oreDict>rodTitanium</oreDict>
			<itemStack>advancedrocketry:ic 1 3</itemStack>
		</input>
		<output>
			<itemStack>advancedrocketry:itemupgrade 1 2</itemStack>
		</output>
	</Recipe>
	<Recipe timeRequired="400" power ="1">
		<input>
			<itemStack>minecraft:leather_boots</itemStack>
			<itemStack>minecraft:feather</itemStack>
			<itemStack>advancedrocketry:ic 1 2</itemStack>
			<itemStack>advancedrocketry:ic 1 3</itemStack>
		</input>
		<output>
			<itemStack>advancedrocketry:itemupgrade 1 3</itemStack>
		</output>
	</Recipe>
	<Recipe timeRequired="400" power ="1">
		<input>
			<itemStack>libvulpes:battery</itemStack>
			<itemStack>advancedrocketry:lens</itemStack>
			<itemStack>advancedrocketry:ic 1 2</itemStack>
			<itemStack>advancedrocketry:ic 1 3</itemStack>
		</input>
		<output>
			<itemStack>advancedrocketry:itemupgrade 1 4</itemStack>
		</output>
	</Recipe>
	<Recipe timeRequired="1000" power ="1">
		<input>
			<itemStack>libvulpes:battery</itemStack>
			<itemStack>advancedrocketry:ic 1 2</itemStack>
			<oreDict>plateTin</oreDict>
			<itemStack>advancedrocketry:lens</itemStack>
			<itemStack>advancedrocketry:misc</itemStack>
		</input>
		<output>
			<itemStack>advancedrocketry:atmanalyser</itemStack>
		</output>
	</Recipe>
	<Recipe timeRequired="1000" power ="1">
		<input>
			<itemStack>libvulpes:battery</itemStack>
			<itemStack>advancedrocketry:ic 1 2</itemStack>
			<oreDict>plateTin</oreDict>
			<itemStack>advancedrocketry:ic 1 1</itemStack>
			<itemStack>advancedrocketry:misc</itemStack>
		</input>
		<output>
			<itemStack>advancedrocketry:biomechanger</itemStack>
		</output>
	</Recipe>
	<Recipe timeRequired="1000" power ="1">
		<input>
			<oreDict>stickCopper 2</oreDict>
			<oreDict>stickTitanium</oreDict>
			<oreDict>waferSilicon 2</oreDict>
			<itemStack>advancedrocketry:ic 1 2</itemStack>
		</input>
		<output>
			<itemStack>advancedrocketry:satelliteprimaryfunction 1 5</itemStack>
		</output>
	</Recipe>
	<Recipe timeRequired="100" power ="1">
		<input>
			<itemStack>minecraft:glass 3</itemStack>
			<oreDict>itemLens 3</oreDict>
			<oreDict>stickIron</oreDict>
		</input>
		<output>
			<itemStack>advancedrocketry:blocklens</itemStack>
		</output>
	</Recipe>
	<Recipe timeRequired="100" power ="1">
		<input>
			<itemStack>advancedrocketry:ic 1 1</itemStack>
			<itemStack>advancedrocketry:spacestationchip</itemStack>
		</input>
		<output>
			<itemStack>advancedrocketry:elevatorchip</itemStack>
		</output>
	</Recipe>
	<Recipe timeRequired="100" power ="1">
		<input>
			<itemStack>advancedrocketry:ic 1 1</itemStack>
			<itemStack>advancedrocketry:itemupgrade 1 4</itemStack>
		</input>
		<output>
			<itemStack>advancedrocketry:beaconfinder</itemStack>
		</output>
	</Recipe>
</Recipes>