[
  {
    "coreMaterialStats": {
      "durability": 103.0,
      "defense": 50.0,
      "materialType": "core"
    },
    "platesMaterialStats": {
      "durability": 25.424,
      "modifier": 50.0,
      "toughness": -0.0,
      "materialType": "plates"
    },
    "trimMaterialStats": {
      "extraDurability": 25.424,
      "materialType": "trim"
    },
    "identifier": "aethium",
    "meta": 0,
    "color": -16777216,
    "type": "METAL",
    "isCastable": false,
    "isCraftable": true,
    "traits": []
  },
  {
    "coreMaterialStats": {
      "durability": 17.0,
      "defense": 20.25,
      "materialType": "core"
    },
    "platesMaterialStats": {
      "durability": 5.6,
      "modifier": 20.25,
      "toughness": 0.0,
      "materialType": "plates"
    },
    "trimMaterialStats": {
      "extraDurability": 5.6,
      "materialType": "trim"
    },
    "identifier": "blackquartz_plustic",
    "meta": 0,
    "color": -16777216,
    "type": "METAL",
    "isCastable": false,
    "isCraftable": true,
    "traits": []
  },
  {
    "coreMaterialStats": {
      "durability": 120.0,
      "defense": 50.0,
      "materialType": "core"
    },
    "platesMaterialStats": {
      "durability": 56.0,
      "modifier": 50.0,
      "toughness": 0.0,
      "materialType": "plates"
    },
    "trimMaterialStats": {
      "extraDurability": 56.0,
      "materialType": "trim"
    },
    "identifier": "awakened_plustic",
    "meta": 0,
    "color": -22016,
    "type": "METAL",
    "isCastable": false,
    "isCraftable": true,
    "traits": []
  },
  {
    "coreMaterialStats": {
      "durability": 14.0,
      "defense": 10.125,
      "materialType": "core"
    },
    "platesMaterialStats": {
      "durability": 8.4,
      "modifier": 10.125,
      "toughness": 0.0,
      "materialType": "plates"
    },
    "trimMaterialStats": {
      "extraDurability": 8.4,
      "materialType": "trim"
    },
    "identifier": "electrical_steel",
    "meta": 0,
    "color": -5658199,
    "type": "METAL",
    "isCastable": true,
    "isCraftable": false,
    "traits": []
  },
  {
    "coreMaterialStats": {
      "durability": 25.0,
      "defense": 27.0,
      "materialType": "core"
    },
    "platesMaterialStats": {
      "durability": 28.0,
      "modifier": 27.0,
      "toughness": 0.0,
      "materialType": "plates"
    },
    "trimMaterialStats": {
      "extraDurability": 28.0,
      "materialType": "trim"
    },
    "identifier": "dark_steel",
    "meta": 0,
    "color": -9671572,
    "type": "METAL",
    "isCastable": true,
    "isCraftable": false,
    "traits": []
  },
  {
    "coreMaterialStats": {
      "durability": 2.0,
      "defense": 4.5,
      "materialType": "core"
    },
    "platesMaterialStats": {
      "durability": 1.12,
      "modifier": 4.5,
      "toughness": 0.0,
      "materialType": "plates"
    },
    "trimMaterialStats": {
      "extraDurability": 1.12,
      "materialType": "trim"
    },
    "identifier": "construction_alloy",
    "meta": 0,
    "color": -14084054,
    "type": "METAL",
    "isCastable": true,
    "isCraftable": false,
    "traits": []
  },
  {
    "coreMaterialStats": {
      "durability": 33.0,
      "defense": 34.2,
      "materialType": "core"
    },
    "platesMaterialStats": {
      "durability": 22.4,
      "modifier": 34.2,
      "toughness": 0.0,
      "materialType": "plates"
    },
    "trimMaterialStats": {
      "extraDurability": 22.4,
      "materialType": "trim"
    },
    "identifier": "fierymetal",
    "meta": 0,
    "color": -142243,
    "type": "METAL",
    "isCastable": true,
    "isCraftable": false,
    "traits": []
  },
  {
    "coreMaterialStats": {
      "durability": 25.0,
      "defense": 22.5,
      "materialType": "core"
    },
    "platesMaterialStats": {
      "durability": 19.039999,
      "modifier": 22.5,
      "toughness": -0.0,
      "materialType": "plates"
    },
    "trimMaterialStats": {
      "extraDurability": 19.039999,
      "materialType": "trim"
    },
    "identifier": "bloodwood_plustic",
    "meta": 0,
    "color": -10485760,
    "type": "METAL",
    "isCastable": false,
    "isCraftable": true,
    "traits": []
  },
  {
    "coreMaterialStats": {
      "durability": 5.0,
      "defense": 6.75,
      "materialType": "core"
    },
    "platesMaterialStats": {
      "durability": 16.8,
      "modifier": 6.75,
      "toughness": -0.0,
      "materialType": "plates"
    },
    "trimMaterialStats": {
      "extraDurability": 16.8,
      "materialType": "trim"
    },
    "identifier": "redstone_alloy",
    "meta": 0,
    "color": -5167321,
    "type": "METAL",
    "isCastable": true,
    "isCraftable": false,
    "traits": []
  },
  {
    "coreMaterialStats": {
      "durability": 8.0,
      "defense": 31.5,
      "materialType": "core"
    },
    "platesMaterialStats": {
      "durability": 11.2,
      "modifier": 31.5,
      "toughness": 0.0,
      "materialType": "plates"
    },
    "trimMaterialStats": {
      "extraDurability": 11.2,
      "materialType": "trim"
    },
    "identifier": "steeleaf",
    "meta": 0,
    "color": -11368646,
    "type": "METAL",
    "isCastable": false,
    "isCraftable": true,
    "traits": []
  },
  {
    "coreMaterialStats": {
      "durability": 64.0,
      "defense": 41.534996,
      "materialType": "core"
    },
    "platesMaterialStats": {
      "durability": 16.8,
      "modifier": 41.534996,
      "toughness": 0.0,
      "materialType": "plates"
    },
    "trimMaterialStats": {
      "extraDurability": 16.8,
      "materialType": "trim"
    },
    "identifier": "ma.intermedium",
    "meta": 0,
    "color": -4765440,
    "type": "METAL",
    "isCastable": true,
    "isCraftable": false,
    "traits": []
  },
  {
    "coreMaterialStats": {
      "durability": 30.0,
      "defense": 31.5,
      "materialType": "core"
    },
    "platesMaterialStats": {
      "durability": 2.8,
      "modifier": 31.5,
      "toughness": 0.0,
      "materialType": "plates"
    },
    "trimMaterialStats": {
      "extraDurability": 2.8,
      "materialType": "trim"
    },
    "identifier": "tanzanite",
    "meta": 0,
    "color": -43521,
    "type": "METAL",
    "isCastable": false,
    "isCraftable": true,
    "traits": []
  },
  {
    "coreMaterialStats": {
      "durability": 90.0,
      "defense": 40.5,
      "materialType": "core"
    },
    "platesMaterialStats": {
      "durability": 10.08,
      "modifier": 40.5,
      "toughness": 0.0,
      "materialType": "plates"
    },
    "trimMaterialStats": {
      "extraDurability": 10.08,
      "materialType": "trim"
    },
    "identifier": "mirion",
    "meta": 0,
    "color": -171,
    "type": "METAL",
    "isCastable": true,
    "isCraftable": false,
    "traits": []
  },
  {
    "coreMaterialStats": {
      "durability": 120.0,
      "defense": 49.5,
      "materialType": "core"
    },
    "platesMaterialStats": {
      "durability": 11.2,
      "modifier": 49.5,
      "toughness": -0.0,
      "materialType": "plates"
    },
    "trimMaterialStats": {
      "extraDurability": 11.2,
      "materialType": "trim"
    },
    "identifier": "osgloglas",
    "meta": 0,
    "color": -9240728,
    "type": "METAL",
    "isCastable": true,
    "isCraftable": false,
    "traits": []
  },
  {
    "coreMaterialStats": {
      "durability": 25.0,
      "defense": 27.0,
      "materialType": "core"
    },
    "platesMaterialStats": {
      "durability": 6.72,
      "modifier": 27.0,
      "toughness": 0.0,
      "materialType": "plates"
    },
    "trimMaterialStats": {
      "extraDurability": 6.72,
      "materialType": "trim"
    },
    "identifier": "elementium",
    "meta": 0,
    "color": -43521,
    "type": "METAL",
    "isCastable": true,
    "isCraftable": false,
    "traits": []
  },
  {
    "coreMaterialStats": {
      "durability": 70.0,
      "defense": 0.0,
      "materialType": "core"
    },
    "platesMaterialStats": {
      "durability": 16.8,
      "modifier": 0.0,
      "toughness": 0.0,
      "materialType": "plates"
    },
    "trimMaterialStats": {
      "extraDurability": 16.8,
      "materialType": "trim"
    },
    "identifier": "integrationforegoing.plastic",
    "meta": 0,
    "color": -5395027,
    "type": "METAL",
    "isCastable": false,
    "isCraftable": true,
    "traits": []
  },
  {
    "coreMaterialStats": {
      "durability": 47.0,
      "defense": 33.75,
      "materialType": "core"
    },
    "platesMaterialStats": {
      "durability": 15.68,
      "modifier": 33.75,
      "toughness": -0.0,
      "materialType": "plates"
    },
    "trimMaterialStats": {
      "extraDurability": 15.68,
      "materialType": "trim"
    },
    "identifier": "erodium",
    "meta": 0,
    "color": -4499713,
    "type": "METAL",
    "isCastable": false,
    "isCraftable": true,
    "traits": []
  },
  {
    "coreMaterialStats": {
      "durability": 25.0,
      "defense": 27.0,
      "materialType": "core"
    },
    "platesMaterialStats": {
      "durability": 6.72,
      "modifier": 27.0,
      "toughness": 0.0,
      "materialType": "plates"
    },
    "trimMaterialStats": {
      "extraDurability": 6.72,
      "materialType": "trim"
    },
    "identifier": "manasteel",
    "meta": 0,
    "color": -11184641,
    "type": "METAL",
    "isCastable": true,
    "isCraftable": false,
    "traits": []
  },
  {
    "coreMaterialStats": {
      "durability": 21.0,
      "defense": 45.0,
      "materialType": "core"
    },
    "platesMaterialStats": {
      "durability": 11.2,
      "modifier": 45.0,
      "toughness": 0.0,
      "materialType": "plates"
    },
    "trimMaterialStats": {
      "extraDurability": 11.2,
      "materialType": "trim"
    },
    "identifier": "refinedglowstone",
    "meta": 0,
    "color": -171,
    "type": "METAL",
    "isCastable": true,
    "isCraftable": false,
    "traits": []
  },
  {
    "coreMaterialStats": {
      "durability": 28.0,
      "defense": 23.399998,
      "materialType": "core"
    },
    "platesMaterialStats": {
      "durability": 8.4,
      "modifier": 23.399998,
      "toughness": -0.0,
      "materialType": "plates"
    },
    "trimMaterialStats": {
      "extraDurability": 8.4,
      "materialType": "trim"
    },
    "identifier": "enori_actadd_plustic",
    "meta": 0,
    "color": -1,
    "type": "METAL",
    "isCastable": false,
    "isCraftable": true,
    "traits": []
  },
  {
    "coreMaterialStats": {
      "durability": 73.0,
      "defense": 29.25,
      "materialType": "core"
    },
    "platesMaterialStats": {
      "durability": 1.12,
      "modifier": 29.25,
      "toughness": 0.0,
      "materialType": "plates"
    },
    "trimMaterialStats": {
      "extraDurability": 1.12,
      "materialType": "trim"
    },
    "identifier": "terrasteel",
    "meta": 0,
    "color": -11141291,
    "type": "METAL",
    "isCastable": true,
    "isCraftable": false,
    "traits": []
  },
  {
    "coreMaterialStats": {
      "durability": 32.0,
      "defense": 29.789999,
      "materialType": "core"
    },
    "platesMaterialStats": {
      "durability": 11.2,
      "modifier": 29.789999,
      "toughness": 0.0,
      "materialType": "plates"
    },
    "trimMaterialStats": {
      "extraDurability": 11.2,
      "materialType": "trim"
    },
    "identifier": "ma.prudentium",
    "meta": 0,
    "color": -16741341,
    "type": "METAL",
    "isCastable": true,
    "isCraftable": false,
    "traits": []
  },
  {
    "coreMaterialStats": {
      "durability": 120.0,
      "defense": 24.75,
      "materialType": "core"
    },
    "platesMaterialStats": {
      "durability": 30.24,
      "modifier": 24.75,
      "toughness": 0.0,
      "materialType": "plates"
    },
    "trimMaterialStats": {
      "extraDurability": 30.24,
      "materialType": "trim"
    },
    "identifier": "integrationforegoing.reinforced_pink_slime",
    "meta": 0,
    "color": -4032074,
    "type": "METAL",
    "isCastable": false,
    "isCraftable": true,
    "traits": []
  },
  {
    "coreMaterialStats": {
      "durability": 16.0,
      "defense": 13.5,
      "materialType": "core"
    },
    "platesMaterialStats": {
      "durability": 10.08,
      "modifier": 13.5,
      "toughness": -0.0,
      "materialType": "plates"
    },
    "trimMaterialStats": {
      "extraDurability": 10.08,
      "materialType": "trim"
    },
    "identifier": "darkwood_plustic",
    "meta": 0,
    "color": -16777046,
    "type": "METAL",
    "isCastable": false,
    "isCraftable": true,
    "traits": []
  },
  {
    "coreMaterialStats": {
      "durability": 65.0,
      "defense": 34.65,
      "materialType": "core"
    },
    "platesMaterialStats": {
      "durability": 8.624,
      "modifier": 34.65,
      "toughness": 0.0,
      "materialType": "plates"
    },
    "trimMaterialStats": {
      "extraDurability": 8.624,
      "materialType": "trim"
    },
    "identifier": "emeradic_actadd_plustic",
    "meta": 0,
    "color": -16733696,
    "type": "METAL",
    "isCastable": false,
    "isCraftable": true,
    "traits": []
  },
  {
    "coreMaterialStats": {
      "durability": 73.0,
      "defense": 4.5,
      "materialType": "core"
    },
    "platesMaterialStats": {
      "durability": 140.0,
      "modifier": 4.5,
      "toughness": 0.0,
      "materialType": "plates"
    },
    "trimMaterialStats": {
      "extraDurability": 140.0,
      "materialType": "trim"
    },
    "identifier": "soularium",
    "meta": 0,
    "color": -9872563,
    "type": "METAL",
    "isCastable": true,
    "isCraftable": false,
    "traits": []
  },
  {
    "coreMaterialStats": {
      "durability": 30.0,
      "defense": 27.45,
      "materialType": "core"
    },
    "platesMaterialStats": {
      "durability": 10.08,
      "modifier": 27.45,
      "toughness": 0.0,
      "materialType": "plates"
    },
    "trimMaterialStats": {
      "extraDurability": 10.08,
      "materialType": "trim"
    },
    "identifier": "restonia_actadd_plustic",
    "meta": 0,
    "color": -5636096,
    "type": "METAL",
    "isCastable": false,
    "isCraftable": true,
    "traits": []
  },
  {
    "coreMaterialStats": {
      "durability": 22.0,
      "defense": 19.8,
      "materialType": "core"
    },
    "platesMaterialStats": {
      "durability": 15.68,
      "modifier": 19.8,
      "toughness": 0.0,
      "materialType": "plates"
    },
    "trimMaterialStats": {
      "extraDurability": 15.68,
      "materialType": "trim"
    },
    "identifier": "void_actadd_plustic",
    "meta": 0,
    "color": -16777216,
    "type": "METAL",
    "isCastable": false,
    "isCraftable": true,
    "traits": []
  },
  {
    "coreMaterialStats": {
      "durability": 18.0,
      "defense": 22.5,
      "materialType": "core"
    },
    "platesMaterialStats": {
      "durability": 16.8,
      "modifier": 22.5,
      "toughness": 0.0,
      "materialType": "plates"
    },
    "trimMaterialStats": {
      "extraDurability": 16.8,
      "materialType": "trim"
    },
    "identifier": "end_steel",
    "meta": 0,
    "color": -262989,
    "type": "METAL",
    "isCastable": true,
    "isCraftable": false,
    "traits": []
  },
  {
    "coreMaterialStats": {
      "durability": 11.0,
      "defense": 19.484999,
      "materialType": "core"
    },
    "platesMaterialStats": {
      "durability": 5.6,
      "modifier": 19.484999,
      "toughness": 0.0,
      "materialType": "plates"
    },
    "trimMaterialStats": {
      "extraDurability": 5.6,
      "materialType": "trim"
    },
    "identifier": "ma.base_essence",
    "meta": 0,
    "color": -3014657,
    "type": "METAL",
    "isCastable": true,
    "isCraftable": false,
    "traits": []
  },
  {
    "coreMaterialStats": {
      "durability": 29.0,
      "defense": 27.0,
      "materialType": "core"
    },
    "platesMaterialStats": {
      "durability": 11.2,
      "modifier": 27.0,
      "toughness": 0.0,
      "materialType": "plates"
    },
    "trimMaterialStats": {
      "extraDurability": 11.2,
      "materialType": "trim"
    },
    "identifier": "abyssalnite",
    "meta": 0,
    "color": -11920247,
    "type": "METAL",
    "isCastable": true,
    "isCraftable": false,
    "traits": []
  },
  {
    "coreMaterialStats": {
      "durability": 37.0,
      "defense": 26.1,
      "materialType": "core"
    },
    "platesMaterialStats": {
      "durability": 11.2,
      "modifier": 26.1,
      "toughness": 0.0,
      "materialType": "plates"
    },
    "trimMaterialStats": {
      "extraDurability": 11.2,
      "materialType": "trim"
    },
    "identifier": "palis_actadd_plustic",
    "meta": 0,
    "color": -16777046,
    "type": "METAL",
    "isCastable": false,
    "isCraftable": true,
    "traits": []
  },
  {
    "coreMaterialStats": {
      "durability": 14.0,
      "defense": 20.7,
      "materialType": "core"
    },
    "platesMaterialStats": {
      "durability": 5.376,
      "modifier": 20.7,
      "toughness": 0.0,
      "materialType": "plates"
    },
    "trimMaterialStats": {
      "extraDurability": 5.376,
      "materialType": "trim"
    },
    "identifier": "ma.soulium",
    "meta": 0,
    "color": -11124169,
    "type": "METAL",
    "isCastable": true,
    "isCraftable": true,
    "traits": []
  },
  {
    "coreMaterialStats": {
      "durability": 1.0,
      "defense": 9.0,
      "materialType": "core"
    },
    "platesMaterialStats": {
      "durability": 1.68,
      "modifier": 9.0,
      "toughness": 0.0,
      "materialType": "plates"
    },
    "trimMaterialStats": {
      "extraDurability": 1.68,
      "materialType": "trim"
    },
    "identifier": "xu_magical_wood",
    "meta": 0,
    "color": -131160,
    "type": "METAL",
    "isCastable": false,
    "isCraftable": true,
    "traits": []
  },
  {
    "coreMaterialStats": {
      "durability": 10.0,
      "defense": 40.5,
      "materialType": "core"
    },
    "platesMaterialStats": {
      "durability": 6.72,
      "modifier": 40.5,
      "toughness": -0.0,
      "materialType": "plates"
    },
    "trimMaterialStats": {
      "extraDurability": 6.72,
      "materialType": "trim"
    },
    "identifier": "vibrant_alloy",
    "meta": 0,
    "color": -4798352,
    "type": "METAL",
    "isCastable": true,
    "isCraftable": false,
    "traits": []
  },
  {
    "coreMaterialStats": {
      "durability": 3.0,
      "defense": 49.950005,
      "materialType": "core"
    },
    "platesMaterialStats": {
      "durability": 2.24,
      "modifier": 49.950005,
      "toughness": 0.0,
      "materialType": "plates"
    },
    "trimMaterialStats": {
      "extraDurability": 2.24,
      "materialType": "trim"
    },
    "identifier": "xu_demonic_metal",
    "meta": 0,
    "color": -6079744,
    "type": "METAL",
    "isCastable": true,
    "isCraftable": false,
    "traits": []
  },
  {
    "coreMaterialStats": {
      "durability": 120.0,
      "defense": 50.0,
      "materialType": "core"
    },
    "platesMaterialStats": {
      "durability": 25.2,
      "modifier": 50.0,
      "toughness": 0.0,
      "materialType": "plates"
    },
    "trimMaterialStats": {
      "extraDurability": 25.2,
      "materialType": "trim"
    },
    "identifier": "ma.superium",
    "meta": 0,
    "color": -16744485,
    "type": "METAL",
    "isCastable": true,
    "isCraftable": false,
    "traits": []
  },
  {
    "coreMaterialStats": {
      "durability": 120.0,
      "defense": 50.0,
      "materialType": "core"
    },
    "platesMaterialStats": {
      "durability": 89.6,
      "modifier": 50.0,
      "toughness": 0.0,
      "materialType": "plates"
    },
    "trimMaterialStats": {
      "extraDurability": 89.6,
      "materialType": "trim"
    },
    "identifier": "chaotic_plustic",
    "meta": 0,
    "color": -5592406,
    "type": "METAL",
    "isCastable": false,
    "isCraftable": true,
    "traits": []
  },
  {
    "coreMaterialStats": {
      "durability": 26.0,
      "defense": 27.0,
      "materialType": "core"
    },
    "platesMaterialStats": {
      "durability": 4.48,
      "modifier": 27.0,
      "toughness": 0.0,
      "materialType": "plates"
    },
    "trimMaterialStats": {
      "extraDurability": 4.48,
      "materialType": "trim"
    },
    "identifier": "titanium",
    "meta": 0,
    "color": -1,
    "type": "METAL",
    "isCastable": true,
    "isCraftable": false,
    "traits": []
  },
  {
    "coreMaterialStats": {
      "durability": 20.0,
      "defense": 18.0,
      "materialType": "core"
    },
    "platesMaterialStats": {
      "durability": 5.6,
      "modifier": 18.0,
      "toughness": -0.0,
      "materialType": "plates"
    },
    "trimMaterialStats": {
      "extraDurability": 5.6,
      "materialType": "trim"
    },
    "identifier": "fusewood_plustic",
    "meta": 0,
    "color": -16723570,
    "type": "METAL",
    "isCastable": false,
    "isCraftable": true,
    "traits": []
  },
  {
    "coreMaterialStats": {
      "durability": 117.0,
      "defense": 49.5,
      "materialType": "core"
    },
    "platesMaterialStats": {
      "durability": 17.92,
      "modifier": 49.5,
      "toughness": -0.0,
      "materialType": "plates"
    },
    "trimMaterialStats": {
      "extraDurability": 17.92,
      "materialType": "trim"
    },
    "identifier": "refinedobsidian",
    "meta": 0,
    "color": -43521,
    "type": "METAL",
    "isCastable": true,
    "isCraftable": false,
    "traits": []
  },
  {
    "coreMaterialStats": {
      "durability": 2.0,
      "defense": 12.6,
      "materialType": "core"
    },
    "platesMaterialStats": {
      "durability": 2.24,
      "modifier": 12.6,
      "toughness": 0.0,
      "materialType": "plates"
    },
    "trimMaterialStats": {
      "extraDurability": 2.24,
      "materialType": "trim"
    },
    "identifier": "livingwood_plustic",
    "meta": 0,
    "color": -16733696,
    "type": "METAL",
    "isCastable": false,
    "isCraftable": true,
    "traits": []
  },
  {
    "coreMaterialStats": {
      "durability": 75.0,
      "defense": 47.25,
      "materialType": "core"
    },
    "platesMaterialStats": {
      "durability": 22.175999,
      "modifier": 47.25,
      "toughness": -0.0,
      "materialType": "plates"
    },
    "trimMaterialStats": {
      "extraDurability": 22.175999,
      "materialType": "trim"
    },
    "identifier": "pladium",
    "meta": 0,
    "color": -16318352,
    "type": "METAL",
    "isCastable": false,
    "isCraftable": true,
    "traits": []
  },
  {
    "coreMaterialStats": {
      "durability": 32.0,
      "defense": 27.0,
      "materialType": "core"
    },
    "platesMaterialStats": {
      "durability": 10.08,
      "modifier": 27.0,
      "toughness": -0.0,
      "materialType": "plates"
    },
    "trimMaterialStats": {
      "extraDurability": 10.08,
      "materialType": "trim"
    },
    "identifier": "mica",
    "meta": 0,
    "color": -4473925,
    "type": "METAL",
    "isCastable": false,
    "isCraftable": true,
    "traits": []
  },
  {
    "coreMaterialStats": {
      "durability": 30.0,
      "defense": 27.45,
      "materialType": "core"
    },
    "platesMaterialStats": {
      "durability": 2.24,
      "modifier": 27.45,
      "toughness": -0.0,
      "materialType": "plates"
    },
    "trimMaterialStats": {
      "extraDurability": 2.24,
      "materialType": "trim"
    },
    "identifier": "malachite_gem",
    "meta": 0,
    "color": -16733696,
    "type": "METAL",
    "isCastable": false,
    "isCraftable": true,
    "traits": []
  },
  {
    "coreMaterialStats": {
      "durability": 56.0,
      "defense": 45.0,
      "materialType": "core"
    },
    "platesMaterialStats": {
      "durability": 11.2,
      "modifier": 45.0,
      "toughness": 0.0,
      "materialType": "plates"
    },
    "trimMaterialStats": {
      "extraDurability": 11.2,
      "materialType": "trim"
    },
    "identifier": "amethyst",
    "meta": 0,
    "color": -43521,
    "type": "METAL",
    "isCastable": false,
    "isCraftable": true,
    "traits": []
  },
  {
    "coreMaterialStats": {
      "durability": 29.0,
      "defense": 22.5,
      "materialType": "core"
    },
    "platesMaterialStats": {
      "durability": 3.36,
      "modifier": 22.5,
      "toughness": -0.0,
      "materialType": "plates"
    },
    "trimMaterialStats": {
      "extraDurability": 3.36,
      "materialType": "trim"
    },
    "identifier": "psimetal",
    "meta": 0,
    "color": -9593089,
    "type": "METAL",
    "isCastable": true,
    "isCraftable": false,
    "traits": []
  },
  {
    "coreMaterialStats": {
      "durability": 1.0,
      "defense": 0.45,
      "materialType": "core"
    },
    "platesMaterialStats": {
      "durability": 2.24,
      "modifier": 0.45,
      "toughness": 0.0,
      "materialType": "plates"
    },
    "trimMaterialStats": {
      "extraDurability": 2.24,
      "materialType": "trim"
    },
    "identifier": "ma.prosperity",
    "meta": 0,
    "color": -6044219,
    "type": "METAL",
    "isCastable": false,
    "isCraftable": true,
    "traits": []
  },
  {
    "coreMaterialStats": {
      "durability": 32.0,
      "defense": 25.2,
      "materialType": "core"
    },
    "platesMaterialStats": {
      "durability": 44.8,
      "modifier": 25.2,
      "toughness": -0.0,
      "materialType": "plates"
    },
    "trimMaterialStats": {
      "extraDurability": 44.8,
      "materialType": "trim"
    },
    "identifier": "energetic_alloy",
    "meta": 0,
    "color": -2518196,
    "type": "METAL",
    "isCastable": true,
    "isCraftable": false,
    "traits": []
  },
  {
    "coreMaterialStats": {
      "durability": 16.0,
      "defense": 20.25,
      "materialType": "core"
    },
    "platesMaterialStats": {
      "durability": 8.4,
      "modifier": 20.25,
      "toughness": 0.0,
      "materialType": "plates"
    },
    "trimMaterialStats": {
      "extraDurability": 8.4,
      "materialType": "trim"
    },
    "identifier": "ma.inferium",
    "meta": 0,
    "color": -9138688,
    "type": "METAL",
    "isCastable": true,
    "isCraftable": false,
    "traits": []
  },
  {
    "coreMaterialStats": {
      "durability": 42.0,
      "defense": 31.5,
      "materialType": "core"
    },
    "platesMaterialStats": {
      "durability": 11.2,
      "modifier": 31.5,
      "toughness": 0.0,
      "materialType": "plates"
    },
    "trimMaterialStats": {
      "extraDurability": 11.2,
      "materialType": "trim"
    },
    "identifier": "refined_coralium",
    "meta": 0,
    "color": -15297947,
    "type": "METAL",
    "isCastable": true,
    "isCraftable": false,
    "traits": []
  },
  {
    "coreMaterialStats": {
      "durability": 32.0,
      "defense": 27.0,
      "materialType": "core"
    },
    "platesMaterialStats": {
      "durability": 7.28,
      "modifier": 27.0,
      "toughness": 0.0,
      "materialType": "plates"
    },
    "trimMaterialStats": {
      "extraDurability": 7.28,
      "materialType": "trim"
    },
    "identifier": "topaz",
    "meta": 0,
    "color": -22016,
    "type": "METAL",
    "isCastable": false,
    "isCraftable": true,
    "traits": []
  },
  {
    "coreMaterialStats": {
      "durability": 31.0,
      "defense": 50.0,
      "materialType": "core"
    },
    "platesMaterialStats": {
      "durability": 7.3919997,
      "modifier": 50.0,
      "toughness": 0.0,
      "materialType": "plates"
    },
    "trimMaterialStats": {
      "extraDurability": 7.3919997,
      "materialType": "trim"
    },
    "identifier": "xu_evil_metal",
    "meta": 0,
    "color": -131160,
    "type": "METAL",
    "isCastable": true,
    "isCraftable": false,
    "traits": []
  },
  {
    "coreMaterialStats": {
      "durability": 16.0,
      "defense": 15.75,
      "materialType": "core"
    },
    "platesMaterialStats": {
      "durability": 8.96,
      "modifier": 15.75,
      "toughness": 0.0,
      "materialType": "plates"
    },
    "trimMaterialStats": {
      "extraDurability": 8.96,
      "materialType": "trim"
    },
    "identifier": "xu_enchanted_metal",
    "meta": 0,
    "color": -4197792,
    "type": "METAL",
    "isCastable": true,
    "isCraftable": false,
    "traits": []
  },
  {
    "coreMaterialStats": {
      "durability": 11.0,
      "defense": 20.25,
      "materialType": "core"
    },
    "platesMaterialStats": {
      "durability": 7.84,
      "modifier": 20.25,
      "toughness": 0.0,
      "materialType": "plates"
    },
    "trimMaterialStats": {
      "extraDurability": 7.84,
      "materialType": "trim"
    },
    "identifier": "certusquartz_plustic",
    "meta": 0,
    "color": 1439950847,
    "type": "METAL",
    "isCastable": false,
    "isCraftable": true,
    "traits": []
  },
  {
    "coreMaterialStats": {
      "durability": 54.0,
      "defense": 36.0,
      "materialType": "core"
    },
    "platesMaterialStats": {
      "durability": 11.2,
      "modifier": 36.0,
      "toughness": 0.0,
      "materialType": "plates"
    },
    "trimMaterialStats": {
      "extraDurability": 11.2,
      "materialType": "trim"
    },
    "identifier": "dreadium",
    "meta": 0,
    "color": -7864063,
    "type": "METAL",
    "isCastable": true,
    "isCraftable": false,
    "traits": []
  },
  {
    "coreMaterialStats": {
      "durability": 94.0,
      "defense": 4.5,
      "materialType": "core"
    },
    "platesMaterialStats": {
      "durability": 22.4,
      "modifier": 4.5,
      "toughness": 0.0,
      "materialType": "plates"
    },
    "trimMaterialStats": {
      "extraDurability": 22.4,
      "materialType": "trim"
    },
    "identifier": "integrationforegoing.pink_slime",
    "meta": 0,
    "color": -807226,
    "type": "METAL",
    "isCastable": false,
    "isCraftable": true,
    "traits": []
  },
  {
    "coreMaterialStats": {
      "durability": 61.0,
      "defense": 40.5,
      "materialType": "core"
    },
    "platesMaterialStats": {
      "durability": 18.928,
      "modifier": 40.5,
      "toughness": -0.0,
      "materialType": "plates"
    },
    "trimMaterialStats": {
      "extraDurability": 18.928,
      "materialType": "trim"
    },
    "identifier": "kyronite",
    "meta": 0,
    "color": -8978305,
    "type": "METAL",
    "isCastable": false,
    "isCraftable": true,
    "traits": []
  },
  {
    "coreMaterialStats": {
      "durability": 39.0,
      "defense": 29.25,
      "materialType": "core"
    },
    "platesMaterialStats": {
      "durability": 6.72,
      "modifier": 29.25,
      "toughness": 0.0,
      "materialType": "plates"
    },
    "trimMaterialStats": {
      "extraDurability": 6.72,
      "materialType": "trim"
    },
    "identifier": "lumium_plustic",
    "meta": 0,
    "color": -171,
    "type": "METAL",
    "isCastable": true,
    "isCraftable": false,
    "traits": []
  },
  {
    "coreMaterialStats": {
      "durability": 43.0,
      "defense": 9.0,
      "materialType": "core"
    },
    "platesMaterialStats": {
      "durability": 28.0,
      "modifier": 9.0,
      "toughness": 0.0,
      "materialType": "plates"
    },
    "trimMaterialStats": {
      "extraDurability": 28.0,
      "materialType": "trim"
    },
    "identifier": "pulsating_iron",
    "meta": 0,
    "color": -13856700,
    "type": "METAL",
    "isCastable": true,
    "isCraftable": false,
    "traits": []
  },
  {
    "coreMaterialStats": {
      "durability": 56.0,
      "defense": 31.5,
      "materialType": "core"
    },
    "platesMaterialStats": {
      "durability": 61.6,
      "modifier": 31.5,
      "toughness": 0.0,
      "materialType": "plates"
    },
    "trimMaterialStats": {
      "extraDurability": 61.6,
      "materialType": "trim"
    },
    "identifier": "knightmetal",
    "meta": 0,
    "color": -3873106,
    "type": "METAL",
    "isCastable": true,
    "isCraftable": false,
    "traits": []
  },
  {
    "coreMaterialStats": {
      "durability": 18.0,
      "defense": 19.125,
      "materialType": "core"
    },
    "platesMaterialStats": {
      "durability": 12.432,
      "modifier": 19.125,
      "toughness": 0.0,
      "materialType": "plates"
    },
    "trimMaterialStats": {
      "extraDurability": 12.432,
      "materialType": "trim"
    },
    "identifier": "thaumium",
    "meta": 0,
    "color": -14811034,
    "type": "METAL",
    "isCastable": true,
    "isCraftable": false,
    "traits": []
  },
  {
    "coreMaterialStats": {
      "durability": 23.0,
      "defense": 26.1,
      "materialType": "core"
    },
    "platesMaterialStats": {
      "durability": 4.48,
      "modifier": 26.1,
      "toughness": 0.0,
      "materialType": "plates"
    },
    "trimMaterialStats": {
      "extraDurability": 4.48,
      "materialType": "trim"
    },
    "identifier": "osmium",
    "meta": 0,
    "color": -11184641,
    "type": "METAL",
    "isCastable": true,
    "isCraftable": false,
    "traits": []
  },
  {
    "coreMaterialStats": {
      "durability": 1.0,
      "defense": 9.0,
      "materialType": "core"
    },
    "platesMaterialStats": {
      "durability": 2.24,
      "modifier": 9.0,
      "toughness": 0.0,
      "materialType": "plates"
    },
    "trimMaterialStats": {
      "extraDurability": 2.24,
      "materialType": "trim"
    },
    "identifier": "treatedwood",
    "meta": 0,
    "color": -10144478,
    "type": "METAL",
    "isCastable": false,
    "isCraftable": true,
    "traits": []
  },
  {
    "coreMaterialStats": {
      "durability": 34.0,
      "defense": 25.65,
      "materialType": "core"
    },
    "platesMaterialStats": {
      "durability": 11.2,
      "modifier": 25.65,
      "toughness": 0.0,
      "materialType": "plates"
    },
    "trimMaterialStats": {
      "extraDurability": 11.2,
      "materialType": "trim"
    },
    "identifier": "amber",
    "meta": 0,
    "color": -22016,
    "type": "METAL",
    "isCastable": false,
    "isCraftable": true,
    "traits": []
  },
  {
    "coreMaterialStats": {
      "durability": 1.0,
      "defense": 18.0,
      "materialType": "core"
    },
    "platesMaterialStats": {
      "durability": 6.72,
      "modifier": 18.0,
      "toughness": 0.0,
      "materialType": "plates"
    },
    "trimMaterialStats": {
      "extraDurability": 6.72,
      "materialType": "trim"
    },
    "identifier": "constantan",
    "meta": 0,
    "color": -1015446,
    "type": "METAL",
    "isCastable": true,
    "isCraftable": false,
    "traits": []
  },
  {
    "coreMaterialStats": {
      "durability": 29.0,
      "defense": 22.5,
      "materialType": "core"
    },
    "platesMaterialStats": {
      "durability": 3.36,
      "modifier": 22.5,
      "toughness": -0.0,
      "materialType": "plates"
    },
    "trimMaterialStats": {
      "extraDurability": 3.36,
      "materialType": "trim"
    },
    "identifier": "psigem",
    "meta": 0,
    "color": -16235613,
    "type": "METAL",
    "isCastable": false,
    "isCraftable": true,
    "traits": []
  },
  {
    "coreMaterialStats": {
      "durability": 89.0,
      "defense": 50.0,
      "materialType": "core"
    },
    "platesMaterialStats": {
      "durability": 25.424,
      "modifier": 50.0,
      "toughness": -0.0,
      "materialType": "plates"
    },
    "trimMaterialStats": {
      "extraDurability": 25.424,
      "materialType": "trim"
    },
    "identifier": "ionite",
    "meta": 0,
    "color": -9570817,
    "type": "METAL",
    "isCastable": false,
    "isCraftable": true,
    "traits": []
  },
  {
    "coreMaterialStats": {
      "durability": 37.0,
      "defense": 31.5,
      "materialType": "core"
    },
    "platesMaterialStats": {
      "durability": 7.28,
      "modifier": 31.5,
      "toughness": -0.0,
      "materialType": "plates"
    },
    "trimMaterialStats": {
      "extraDurability": 7.28,
      "materialType": "trim"
    },
    "identifier": "enderium_plustic",
    "meta": 0,
    "color": -16733696,
    "type": "METAL",
    "isCastable": true,
    "isCraftable": false,
    "traits": []
  },
  {
    "coreMaterialStats": {
      "durability": 32.0,
      "defense": 27.9,
      "materialType": "core"
    },
    "platesMaterialStats": {
      "durability": 8.4,
      "modifier": 27.9,
      "toughness": 0.0,
      "materialType": "plates"
    },
    "trimMaterialStats": {
      "extraDurability": 8.4,
      "materialType": "trim"
    },
    "identifier": "fluixcrystal_plustic",
    "meta": 0,
    "color": -2009268071,
    "type": "METAL",
    "isCastable": false,
    "isCraftable": true,
    "traits": []
  },
  {
    "coreMaterialStats": {
      "durability": 120.0,
      "defense": 50.0,
      "materialType": "core"
    },
    "platesMaterialStats": {
      "durability": 33.6,
      "modifier": 50.0,
      "toughness": 0.0,
      "materialType": "plates"
    },
    "trimMaterialStats": {
      "extraDurability": 33.6,
      "materialType": "trim"
    },
    "identifier": "ma.supremium",
    "meta": 0,
    "color": -3932160,
    "type": "METAL",
    "isCastable": true,
    "isCraftable": false,
    "traits": []
  },
  {
    "coreMaterialStats": {
      "durability": 80.0,
      "defense": 28.35,
      "materialType": "core"
    },
    "platesMaterialStats": {
      "durability": 9.856,
      "modifier": 28.35,
      "toughness": 0.0,
      "materialType": "plates"
    },
    "trimMaterialStats": {
      "extraDurability": 9.856,
      "materialType": "trim"
    },
    "identifier": "diamatine_actadd_plustic",
    "meta": 0,
    "color": -11184641,
    "type": "METAL",
    "isCastable": false,
    "isCraftable": true,
    "traits": []
  },
  {
    "coreMaterialStats": {
      "durability": 32.0,
      "defense": 27.0,
      "materialType": "core"
    },
    "platesMaterialStats": {
      "durability": 12.432,
      "modifier": 27.0,
      "toughness": -0.0,
      "materialType": "plates"
    },
    "trimMaterialStats": {
      "extraDurability": 12.432,
      "materialType": "trim"
    },
    "identifier": "litherite",
    "meta": 0,
    "color": -16282031,
    "type": "METAL",
    "isCastable": false,
    "isCraftable": true,
    "traits": []
  },
  {
    "coreMaterialStats": {
      "durability": 4.0,
      "defense": 5.625,
      "materialType": "core"
    },
    "platesMaterialStats": {
      "durability": 28.0,
      "modifier": 5.625,
      "toughness": 0.0,
      "materialType": "plates"
    },
    "trimMaterialStats": {
      "extraDurability": 28.0,
      "materialType": "trim"
    },
    "identifier": "conductive_iron",
    "meta": 0,
    "color": -5546657,
    "type": "METAL",
    "isCastable": true,
    "isCraftable": false,
    "traits": []
  },
  {
    "coreMaterialStats": {
      "durability": 61.0,
      "defense": 36.0,
      "materialType": "core"
    },
    "platesMaterialStats": {
      "durability": 8.96,
      "modifier": 36.0,
      "toughness": 0.0,
      "materialType": "plates"
    },
    "trimMaterialStats": {
      "extraDurability": 8.96,
      "materialType": "trim"
    },
    "identifier": "osmiridium",
    "meta": 0,
    "color": -43521,
    "type": "METAL",
    "isCastable": true,
    "isCraftable": false,
    "traits": []
  },
  {
    "coreMaterialStats": {
      "durability": 21.0,
      "defense": 19.350002,
      "materialType": "core"
    },
    "platesMaterialStats": {
      "durability": 0.0,
      "modifier": 19.350002,
      "toughness": 0.0,
      "materialType": "plates"
    },
    "trimMaterialStats": {
      "extraDurability": 0.0,
      "materialType": "trim"
    },
    "identifier": "nagascale",
    "meta": 0,
    "color": -13476571,
    "type": "METAL",
    "isCastable": false,
    "isCraftable": true,
    "traits": []
  },
  {
    "coreMaterialStats": {
      "durability": 94.0,
      "defense": 50.0,
      "materialType": "core"
    },
    "platesMaterialStats": {
      "durability": 26.88,
      "modifier": 50.0,
      "toughness": 0.0,
      "materialType": "plates"
    },
    "trimMaterialStats": {
      "extraDurability": 26.88,
      "materialType": "trim"
    },
    "identifier": "wyvern_plustic",
    "meta": 0,
    "color": -5635926,
    "type": "METAL",
    "isCastable": false,
    "isCraftable": true,
    "traits": []
  },
  {
    "coreMaterialStats": {
      "durability": 33.0,
      "defense": 27.0,
      "materialType": "core"
    },
    "platesMaterialStats": {
      "durability": 6.72,
      "modifier": 27.0,
      "toughness": -0.0,
      "materialType": "plates"
    },
    "trimMaterialStats": {
      "extraDurability": 6.72,
      "materialType": "trim"
    },
    "identifier": "platinum_plustic",
    "meta": 0,
    "color": -11184641,
    "type": "METAL",
    "isCastable": true,
    "isCraftable": false,
    "traits": []
  },
  {
    "coreMaterialStats": {
      "durability": 14.0,
      "defense": 11.25,
      "materialType": "core"
    },
    "platesMaterialStats": {
      "durability": 11.2,
      "modifier": 11.25,
      "toughness": 0.0,
      "materialType": "plates"
    },
    "trimMaterialStats": {
      "extraDurability": 11.2,
      "materialType": "trim"
    },
    "identifier": "ghostwood_plustic",
    "meta": 0,
    "color": -1,
    "type": "METAL",
    "isCastable": false,
    "isCraftable": true,
    "traits": []
  },
  {
    "coreMaterialStats": {
      "durability": 32.0,
      "defense": 23.399998,
      "materialType": "core"
    },
    "platesMaterialStats": {
      "durability": 6.16,
      "modifier": 23.399998,
      "toughness": 0.0,
      "materialType": "plates"
    },
    "trimMaterialStats": {
      "extraDurability": 6.16,
      "materialType": "trim"
    },
    "identifier": "signalum_plustic",
    "meta": 0,
    "color": -43691,
    "type": "METAL",
    "isCastable": true,
    "isCraftable": false,
    "traits": []
  }
]